{"TiempoSleep": 5, "MaxIteraciones": 5}
{"Iteracion": 1, "PuntosX": [1.5256764888763428, 1.5264531373977661, 1.5380676984786987, 1.6489158868789673, 1.6543817520141602, 1.671902060508728, 1.2515926361083984, 1.2481244802474976, 1.2446976900100708, 1.2414015531539917, 1.2483394145965576, 1.2573668956756592, 1.2664719820022583, 1.2835062742233276, 1.320220708847046, 1.3123005628585815, 1.2959356307983398, 1.292838215827942, 1.2897679805755615, 1.286832332611084, 1.296372413635254, 1.306233286857605, 1.3162108659744263, 1.3646267652511597, 1.8778201341629028, 1.8678889274597168, 1.8716830015182495, 1.8034772872924805, 1.766510248184204, 1.742194414138794, 1.7240642309188843, 1.7100975513458252, 1.6980150938034058, 1.6883939504623413, 1.6804713010787964, 1.6731435060501099, 1.66850745677948, 1.6638884544372559, 1.660860538482666, 1.659142017364502, 1.6574229001998901, 1.6581982374191284, 1.6593763828277588, 1.661383867263794, 1.6658111810684204, 1.6702756881713867, 1.678260087966919, 1.6869111061096191, 1.7002828121185303, 1.7165392637252808, 1.7417961359024048, 1.2370190620422363, 1.2111153602600098, 1.204342007637024, 1.2002190351486206, 1.1961028575897217, 1.1919244527816772, 1.194655179977417, 1.2000004053115845, 1.20542573928833, 1.2109344005584717, 1.2485960721969604, 1.111029863357544, 1.0915981531143188, 1.075000286102295, 1.0711241960525513, 1.0673612356185913, 1.0635954141616821, 1.0598264932632446, 1.063051700592041, 1.0688101053237915, 1.074681282043457, 1.0907387733459473], "PuntosY": [-1.0882542133331299, -1.068833827972412, -1.0570844411849976, -0.895288348197937, -0.8796501755714417, -0.8703371286392212, -0.48044130206108093, -0.46665459871292114, -0.4530329406261444, -0.43960338830947876, -0.4298376142978668, -0.4207090139389038, -0.4115016758441925, -0.40468794107437134, -0.40363192558288574, -0.32719314098358154, -0.31112655997276306, -0.298475056886673, -0.2859346866607666, -0.2735247015953064, -0.2637498676776886, -0.2539059817790985, -0.24394531548023224, -0.2406204491853714, -0.19736677408218384, -0.1798572689294815, -0.16375093162059784, 0.047225773334503174, 0.06168804690241814, 0.07606600970029831, 0.09035439044237137, 0.10459399968385696, 0.11873681843280792, 0.13287939131259918, 0.14702220261096954, 0.16110557317733765, 0.17536723613739014, 0.1895761787891388, 0.20392797887325287, 0.21843035519123077, 0.23293563723564148, 0.24781934916973114, 0.26281946897506714, 0.27802029252052307, 0.2937275171279907, 0.309567391872406, 0.3262207508087158, 0.3432060182094574, 0.36140647530555725, 0.3805476725101471, 0.40212538838386536, 0.3430556654930115, 0.34728190302848816, 0.3567424416542053, 0.3669438064098358, 0.37712982296943665, 0.38727983832359314, 0.39972615242004395, 0.4131931960582733, 0.4268636107444763, 0.4407441020011902, 0.46683111786842346, 0.4488852322101593, 0.45215490460395813, 0.45631060004234314, 0.46573811769485474, 0.4752199053764343, 0.4847084581851959, 0.49420520663261414, 0.5070496797561646, 0.521293580532074, 0.5358161926269531, 0.5557593107223511]}
{"Iteracion": 2, "PuntosX": [1.5274848937988281, 1.5270740985870361, 1.538203477859497, 1.6500475406646729, 1.6548552513122559, 1.6713404655456543, 1.4639544486999512, 1.4414517879486084, 1.432276964187622, 1.4316282272338867, 1.4309828281402588, 1.435640573501587, 1.4498982429504395, 1.4643712043762207, 1.5444839000701904, 1.525768518447876, 1.509770154953003, 1.5093119144439697, 1.5087568759918213, 1.508204460144043, 1.521444320678711, 1.538057565689087, 1.8794806003570557, 1.869032382965088, 1.8725979328155518, 1.8054721355438232, 1.7681126594543457, 1.7436258792877197, 1.725475788116455, 1.7114157676696777, 1.6993210315704346, 1.6896405220031738, 1.681708812713623, 1.6743392944335938, 1.6696972846984863, 1.6650726795196533, 1.6620149612426758, 1.660292625427246, 1.6585702896118164, 1.6593239307403564, 1.6605007648468018, 1.6624901294708252, 1.6669175624847412, 1.6713829040527344, 1.6793534755706787, 1.6880064010620117, 1.7013671398162842, 1.7176098823547363, 1.7428717613220215, 1.2378439903259277, 1.2119345664978027, 1.2053377628326416, 1.2012102603912354, 1.1970884799957275, 1.1929004192352295, 1.1957647800445557, 1.2011115550994873, 1.2065391540527344, 1.2120506763458252, 1.250216007232666, 1.111631155014038, 1.092184066772461, 1.075925588607788, 1.0720566511154175, 1.0682886838912964, 1.0645184516906738, 1.0607450008392334, 1.0642344951629639, 1.0699959993362427, 1.0758702754974365, 1.0938198566436768], "PuntosY": [-1.089544415473938, -1.0692685842514038, -1.0571775436401367, -0.8959027528762817, -0.8799019455909729, -0.8700448870658875, -0.4898322522640228, -0.468356192111969, -0.4515951871871948, -0.43769267201423645, -0.42387655377388, -0.411663293838501, -0.4020923674106598, -0.39237701892852783, -0.3424038887023926, -0.3243122398853302, -0.3071661591529846, -0.2933805584907532, -0.2796316146850586, -0.26593711972236633, -0.2546023428440094, -0.24360442161560059, -0.19754144549369812, -0.17996740341186523, -0.16383108496665955, 0.047278035432100296, 0.0617440864443779, 0.07612847536802292, 0.0904284194111824, 0.10467472672462463, 0.11882813274860382, 0.13297757506370544, 0.14713051915168762, 0.16122063994407654, 0.17549234628677368, 0.18971100449562073, 0.2040698230266571, 0.21858181059360504, 0.2330968976020813, 0.24798758327960968, 0.2629975378513336, 0.2782054841518402, 0.2939225137233734, 0.3097726106643677, 0.326433390378952, 0.3434288203716278, 0.3616367280483246, 0.38078510761260986, 0.4023735523223877, 0.343284547328949, 0.3475167155265808, 0.3570373058319092, 0.3672467768192291, 0.3774406313896179, 0.38759687542915344, 0.4000973701477051, 0.41357579827308655, 0.42725804448127747, 0.4411502778530121, 0.46743667125701904, 0.44912803173065186, 0.45239755511283875, 0.4567032754421234, 0.46614357829093933, 0.4756329357624054, 0.48512911796569824, 0.49463358521461487, 0.5076138973236084, 0.5218721628189087, 0.5364090204238892, 0.5573294162750244]}
{"Iteracion": 3, "PuntosX": [1.5296783447265625, 1.528069019317627, 1.538583517074585, 1.6510790586471558, 1.6554352045059204, 1.6712607145309448, 1.6420978307724, 1.6287288665771484, 1.6175893545150757, 1.6198310852050781, 1.622069239616394, 1.6255937814712524, 1.6488639116287231, 1.8003445863723755, 1.748575210571289, 1.7361159324645996, 1.7239524126052856, 1.7252311706542969, 1.727656602859497, 1.730081558227539, 1.7568413019180298, 1.8808790445327759, 1.870054841041565, 1.8734575510025024, 1.8069489002227783, 1.769453763961792, 1.7449098825454712, 1.726743221282959, 1.712658405303955, 1.700552225112915, 1.690860629081726, 1.6829220056533813, 1.6755486726760864, 1.6709023714065552, 1.6662737131118774, 1.6632208824157715, 1.6614971160888672, 1.6597720384597778, 1.660538911819458, 1.6617158651351929, 1.6637263298034668, 1.6681567430496216, 1.672624111175537, 1.6806318759918213, 1.6892906427383423, 1.702713131904602, 1.7190659046173096, 1.7443444728851318, 1.2384337186813354, 1.212562918663025, 1.20638108253479, 1.20224928855896, 1.1981240510940552, 1.1939189434051514, 1.1970404386520386, 1.2023919820785522, 1.2078248262405396, 1.2135246992111206, 1.2524569034576416, 1.1120827198028564, 1.0926252603530884, 1.0769003629684448, 1.0730429887771606, 1.0692713260650635, 1.0654966831207275, 1.061719298362732, 1.0655993223190308, 1.0713671445846558, 1.0772473812103271, 1.0979539155960083],