{"TiempoSleep": 0.5, "MaxIteraciones": 50}
{"Iteracion": 1, "PuntosX": [3.08974289894104, 3.0983989238739014, 3.095343828201294, 3.0922908782958984], "PuntosY": [-0.21605578064918518, -0.1895061582326889, 5.822039383929223e-08, 0.02698601596057415]}
{"Iteracion": 2, "PuntosX": [3.2249152660369873, 3.221304416656494, 3.2033867835998535], "PuntosY": [-0.11261645704507828, 0.0843530222773552, 0.11186502873897552]}
{"Iteracion": 3, "PuntosX": [3.0091254711151123, 3.0013108253479004, 2.957766056060791, 2.9664433002471924], "PuntosY": [0.23682314157485962, 0.26258063316345215, 0.4684642255306244, 0.49641209840774536]}
{"Iteracion": 4, "PuntosX": [2.716033458709717, 2.7122206687927246, 2.6589486598968506, 2.6450724601745605], "PuntosY": [0.0948462262749672, 0.1184183806180954, 0.30294883251190186, 0.32477399706840515]}
{"Iteracion": 5, "PuntosX": [2.6855218410491943, 2.6943728923797607, 2.6216278076171875, 2.5983834266662598, 2.608872413635254], "PuntosY": [-0.14074231684207916, -0.11763886362314224, 0.04576078802347183, 0.06804108619689941, 0.09110399335622787]}
{"Iteracion": 6, "PuntosX": [2.7685084342956543, 2.780345916748047, 2.6694185733795166, 2.661301851272583], "PuntosY": [0.14509157836437225, 0.17005322873592377, 0.32776328921318054, 0.35036730766296387]}
{"Iteracion": 7, "PuntosX": [2.9772613048553467, 2.9904162883758545, 2.8536221981048584, 2.8539931774139404], "PuntosY": [-0.07796258479356766, -0.05219804123044014, 0.09965069591999054, 0.12460825592279434]}
{"Iteracion": 8, "PuntosX": [3.173372745513916, 3.1533362865448, 3.0085227489471436, 3.0251173973083496], "PuntosY": [-0.19409149885177612, -0.16525931656360626, 7.123890100046992e-08, 0.026399875059723854]}
{"Iteracion": 9, "PuntosX": [3.0915048122406006, 3.086442232131958, 2.9386322498321533, 2.9236674308776855], "PuntosY": [0.05396244674921036, 0.08082130551338196, 0.2054891437292099, 0.23009760677814484]}
{"Iteracion": 10, "PuntosX": [2.77943754196167, 2.7811672687530518, 2.6141107082366943, 2.6011455059051514], "PuntosY": [0.14566412568092346, 0.17010338604450226, 0.2747541666030884, 0.2963629961013794]}
{"Iteracion": 11, "PuntosX": [2.853297233581543, 2.8433470726013184, 2.6627211570739746, 2.654254198074341], "PuntosY": [0.274741530418396, 0.29884788393974304, 0.39794641733169556, 0.4203926920890808]}
{"Iteracion": 12, "PuntosX": [2.6542887687683105, 2.6643118858337402, 2.462552070617676, 2.4535179138183594], "PuntosY": [0.3024180829524994, 0.3271363377571106, 0.3900299072265625, 0.4105779826641083]}
{"Iteracion": 13, "PuntosX": [2.9316303730010986, 2.9246041774749756, 2.7162258625030518, 2.719015598297119], "PuntosY": [0.4381350874900818, 0.46321186423301697, 0.5279810428619385, 0.5531898140907288]}
{"Iteracion": 14, "PuntosX": [3.2707531452178955, 3.265077590942383, 3.049091100692749, 3.0512936115264893], "PuntosY": [0.2000478208065033, 0.22831639647483826, 0.26676106452941895, 0.29380637407302856]}
{"Iteracion": 15, "PuntosX": [3.097381353378296, 2.8748998641967773, 2.8804545402526855], "PuntosY": [-0.21658992767333984, -0.17583636939525604, -0.15095829963684082]}
{"Iteracion": 16, "PuntosX": [2.539764881134033, 2.529590129852295, 2.547159194946289], "PuntosY": [-0.19988389313220978, -0.17688608169555664, -0.15579083561897278]}
{"Iteracion": 17, "PuntosX": [2.875731945037842, 2.8776066303253174, 3.104670524597168], "PuntosY": [-0.2515939176082611, -0.22647246718406677, -0.21709953248500824]}
{"Iteracion": 18, "PuntosX": [3.216829299926758, 3.224473237991333, 3.4385859966278076], "PuntosY": [-0.3381023108959198, -0.3104817867279053, -0.30083709955215454]}
{"Iteracion": 19, "PuntosX": [3.1303930282592773, 3.1434290409088135, 3.3501179218292236], "PuntosY": [-0.3843637704849243, -0.35814836621284485, -0.32257968187332153]}
{"Iteracion": 20, "PuntosX": [3.109030246734619, 3.113973617553711, 3.3204100131988525, 3.339370012283325], "PuntosY": [-0.1357434242963791, -0.1087423637509346, -0.057958293706178665, -0.029142487794160843]}
{"Iteracion": 21, "PuntosX": [2.900369644165039, 2.915804386138916, 3.1051547527313232], "PuntosY": [-0.15200166404247284, -0.12730669975280762, -0.054200731217861176]}
{"Iteracion": 22, "PuntosX": [3.0774600505828857, 3.0864615440368652, 3.2709498405456543], "PuntosY": [-0.3506321609020233, -0.3244001865386963, -0.22872678935527802]}
{"Iteracion": 23, "PuntosX": [2.8957700729370117, 3.0811855792999268, 3.0826358795166016], "PuntosY": [0.20249181985855103, 0.323845773935318, 0.3512219488620758]}
{"Iteracion": 24, "PuntosX": [3.016505718231201, 3.188035488128662, 3.1890709400177], "PuntosY": [-0.07898997515439987, 0.05564744770526886, 0.08350880444049835]}
{"Iteracion": 25, "PuntosX": [3.345350980758667, 3.3351316452026367, 3.4938669204711914, 3.488574266433716], "PuntosY": [-0.3516106605529785, -0.3211368918418884, -0.18310602009296417, -0.15231463313102722]}
{"Iteracion": 26, "PuntosX": [3.0913949012756348, 3.095439910888672, 3.2240519523620605, 3.244216203689575], "PuntosY": [-0.2432980090379715, -0.21645420789718628, -0.05627624690532684, -0.02831197902560234]}
{"Iteracion": 27, "PuntosX": [3.1758341789245605, 3.161463737487793, 3.2843356132507324, 3.2794346809387207], "PuntosY": [-0.08316211402416229, -0.055183812975883484, 0.11469168215990067, 0.14318320155143738]}
{"Iteracion": 28, "PuntosX": [2.953319549560547, 2.9433114528656006, 3.0473077297210693, 3.040137767791748], "PuntosY": [-0.25838178396224976, -0.23164328932762146, -0.0531911626458168, -0.02653091959655285]}
{"Iteracion": 29, "PuntosX": [2.6486055850982666, 2.6434028148651123, 2.717498540878296, 2.7329888343811035], "PuntosY": [-0.49089011549949646, -0.46610307693481445, -0.2616652548313141, -0.23910540342330933]}
{"Iteracion": 30, "PuntosX": [2.966435432434082, 2.967890739440918, 3.0256478786468506, 3.0183298587799072], "PuntosY": [-4.733738023787737e-08, 0.02590051107108593, 0.21157370507717133, 0.2375476211309433]}
{"Iteracion": 31, "PuntosX": [3.014462947845459, 3.0485963821411133, 3.051952362060547], "PuntosY": [-0.05261781066656113, 0.15977022051811218, 0.18666520714759827]}
{"Iteracion": 32, "PuntosX": [2.792377233505249, 2.795811176300049, 2.801508665084839, 2.8064045906066895], "PuntosY": [0.26887550950050354, 0.29385170340538025, 0.4939814805984497, 0.5201367139816284]}
{"Iteracion": 33, "PuntosX": [2.9892520904541016, 2.985727548599243, 2.991694211959839, 2.9703965187072754], "PuntosY": [0.42011216282844543, 0.44621986150741577, 0.6359043121337891, 0.6585212349891663]}
{"Iteracion": 34, "PuntosX": [2.975501775741577, 2.972663402557373, 2.9573686122894287, 2.9347524642944336], "PuntosY": [0.524661123752594, 0.5509507060050964, 0.7373548746109009, 0.7589788436889648]}
{"Iteracion": 35, "PuntosX": [2.8370890617370605, 2.8199307918548584, 2.7778944969177246, 2.7623281478881836], "PuntosY": [0.500255286693573, 0.522643506526947, 0.7184127569198608, 0.7401636838912964]}
{"Iteracion": 36, "PuntosX": [2.8131463527679443, 2.8077166080474854, 2.7321557998657227, 2.7303006649017334], "PuntosY": [0.7275295853614807, 0.7523256540298462, 0.9407567977905273, 0.9668503403663635]}
{"Iteracion": 37, "PuntosX": [2.5880489349365234, 2.582612991333008, 2.4837682247161865, 2.4874765872955322], "PuntosY": [0.386786550283432, 0.40904590487480164, 0.5962998867034912, 0.6201977729797363]}
{"Iteracion": 38, "PuntosX": [2.8083748817443848, 2.8178067207336426, 2.693269968032837, 2.689992666244507], "PuntosY": [0.22102361917495728, 0.2465260922908783, 0.4025117754936218, 0.42605286836624146]}
{"Iteracion": 39, "PuntosX": [3.1072981357574463, 3.099195718765259, 2.960693120956421], "PuntosY": [0.40908366441726685, 0.4355633854866028, 0.6023598909378052]}
{"Iteracion": 40, "PuntosX": [3.442016839981079, 3.441876173019409, 3.292531728744507, 3.28293776512146], "PuntosY": [0.4226264953613281, 0.4531318247318268, 0.580562174320221, 0.6084566712379456]}
{"Iteracion": 41, "PuntosX": [3.0855214595794678, 3.087996006011963, 2.9132797718048096, 2.919833183288574],