{"TiempoSleep": 0.5, "MaxIteraciones": 50}
{"Iteracion": 1, "PuntosX": [2.203299045562744, 2.200312376022339, 2.2175393104553223, 2.199100971221924, 2.2024412155151367], "PuntosY": [-0.30965346097946167, -0.28967663645744324, -0.27227944135665894, -0.07679422944784164, -0.057672858238220215]}
{"Iteracion": 2, "PuntosX": [2.3122169971466064, 2.313267707824707, 2.2103419303894043, 2.202040672302246, 2.212125301361084], "PuntosY": [-0.2839045226573944, -0.2635636329650879, -0.09650570899248123, -0.07689706981182098, -0.05792661011219025]}
{"Iteracion": 3, "PuntosX": [2.4260380268096924, 2.428518772125244, 2.2407217025756836, 2.235295534133911, 2.249525308609009], "PuntosY": [-0.42777585983276367, -0.40639442205429077, -0.31491291522979736, -0.29428231716156006, -0.27620697021484375]}
{"Iteracion": 4, "PuntosX": [2.267845630645752, 2.272829294204712, 2.5027854442596436], "PuntosY": [-0.33893197774887085, -0.3194253444671631, -0.3294981122016907]}
{"Iteracion": 5, "PuntosX": [2.278446674346924, 2.286803722381592, 2.4831957817077637, 2.488369941711426], "PuntosY": [-0.5051195025444031, -0.48607513308525085, -0.41554445028305054, -0.3941192328929901]}
{"Iteracion": 6, "PuntosX": [2.314638614654541, 2.318509817123413, 2.4538044929504395, 2.4484870433807373], "PuntosY": [-0.44991999864578247, -0.4297102987766266, -0.2795757055282593, -0.25734639167785645]}
{"Iteracion": 7, "PuntosX": [2.36889910697937, 2.3673365116119385, 2.3973236083984375, 2.4006941318511963], "PuntosY": [-0.3329271674156189, -0.31166595220565796, -0.10466945916414261, -0.08383405208587646]}
{"Iteracion": 8, "PuntosX": [2.4237782955169678, 2.424332857131958, 2.3484625816345215, 2.342116355895996, 2.357844829559326], "PuntosY": [-0.47113490104675293, -0.44932371377944946, -0.2675735056400299, -0.24616636335849762, -0.22703471779823303]}
{"Iteracion": 9, "PuntosX": [2.4787344932556152, 2.4676318168640137, 2.482881546020508, 2.3000102043151855, 2.297877073287964], "PuntosY": [-0.43706780672073364, -0.4129396378993988, -0.3932497799396515, -0.2824054956436157, -0.2618098855018616]}
{"Iteracion": 10, "PuntosX": [2.286255121231079, 2.272529125213623, 2.282294273376465], "PuntosY": [-0.44440317153930664, -0.4211888015270233, -0.4024302661418915]}
{"Iteracion": 11, "PuntosX": [2.274421215057373, 2.280362606048584, 2.495166778564453, 2.4907479286193848], "PuntosY": [-0.38060739636421204, -0.361174076795578, -0.32849517464637756, -0.30582547187805176]}
{"Iteracion": 12, "PuntosX": [2.309649705886841, 2.3044185638427734, 2.321702718734741, 2.4714972972869873, 2.461963653564453, 2.47816801071167], "PuntosY": [-0.24275393784046173, -0.2218904197216034, -0.2031228095293045, -0.08630668371915817, -0.0644688755273819, -0.043256726115942]}
{"Iteracion": 13, "PuntosX": [2.3580291271209717, 2.352843999862671, 2.373873472213745, 2.43152117729187, 2.4140260219573975, 2.4216461181640625], "PuntosY": [-0.12357909977436066, -0.10272751748561859, -0.08289755135774612, 0.08491052687168121, 0.10539879649877548, 0.12691305577754974]}
{"Iteracion": 14, "PuntosX": [2.413719892501831, 2.4094650745391846, 2.3738839626312256, 2.3589212894439697, 2.367053508758545], "PuntosY": [-0.23241500556468964, -0.21080096065998077, -0.020716721192002296, -4.559115041047335e-08, 0.02065705880522728]}
{"Iteracion": 15, "PuntosX": [2.4593091011047363, 2.463967800140381, 2.3218636512756348, 2.309734582901001, 2.3186116218566895], "PuntosY": [-0.1935516893863678, -0.1722971647977829, -0.040528424084186554, -0.02015671133995056, 6.96472852723673e-08]}
{"Iteracion": 16, "PuntosX": [2.496577739715576, 2.4921417236328125, 2.2867069244384766, 2.2794885635375977, 2.292757511138916], "PuntosY": [-0.3954191207885742, -0.37245288491249084, -0.32137560844421387, -0.3001004457473755, -0.2815152704715729]}
{"Iteracion": 17, "PuntosX": [2.275641679763794, 2.2769815921783447, 2.4973127841949463, 2.5019824504852295], "PuntosY": [-0.29959404468536377, -0.2795780599117279, -0.2624781131744385, -0.24091356992721558]}
{"Iteracion": 18, "PuntosX": [2.2972092628479004, 2.300985097885132, 2.482745885848999, 2.475499153137207, 2.496356964111328], "PuntosY": [-0.36384207010269165, -0.3438844680786133, -0.23906131088733673, -0.2165781557559967, -0.1964675933122635]}
{"Iteracion": 19, "PuntosX": [2.344008445739746, 2.3419482707977295, 2.437614679336548, 2.4319076538085938], "PuntosY": [-0.30859455466270447, -0.287555068731308, -0.10642863065004349, -0.08492401987314224]}
{"Iteracion": 20, "PuntosX": [2.403332471847534, 2.395733594894409, 2.412304162979126, 2.379549741744995, 2.3781754970550537], "PuntosY": [-0.16805721819400787, -0.14652925729751587, -0.1264234334230423, 0.06231071054935455, 0.0830477699637413]}
{"Iteracion": 21, "PuntosX": [2.4561827182769775, 2.449392318725586, 2.4689717292785645, 2.3257458209991455, 2.328809976577759], "PuntosY": [-0.279846727848053, -0.25744152069091797, -0.2377350628376007, -0.08121677488088608, -0.060982003808021545]}
{"Iteracion": 22, "PuntosX": [2.486743927001953, 2.491441249847412, 2.3003246784210205, 2.286937713623047, 2.294523000717163], "PuntosY": [-0.10857365280389786, -0.087003193795681, -0.020074576139450073, 1.1684824130497873e-07, 0.020024046301841736]}
{"Iteracion": 23, "PuntosX": [2.2774276733398438, 2.277169942855835, 2.5101842880249023], "PuntosY": [-0.07952958345413208, -0.05962985008955002, -0.04381563514471054]}
{"Iteracion": 24, "PuntosX": [2.294163942337036, 2.2897982597351074, 2.487917900085449, 2.4863362312316895], "PuntosY": [0.06007484719157219, 0.07996155321598053, 0.173972025513649, 0.19567890465259552]}
{"Iteracion": 25, "PuntosX": [2.3418805599212646, 2.3287670612335205, 2.3376498222351074, 2.4624056816101074, 2.4467475414276123, 2.4559216499328613], "PuntosY": [-0.06132432445883751, -0.04064885526895523, -0.020400583744049072, 0.1290491819381714, 0.14964929223060608, 0.17173464596271515]}
{"Iteracion": 26, "PuntosX": [2.3919899463653564, 2.3832504749298096, 2.39752459526062, 2.3984243869781494, 2.395521879196167], "PuntosY": [-0.2092718929052353, -0.1875656694173813, -0.1676509976387024, 0.020930904895067215, 0.04181402549147606]}
{"Iteracion": 27, "PuntosX": [2.452054738998413, 2.4371721744537354, 2.4469313621520996, 2.350975751876831, 2.339340925216675, 2.3497936725616455], "PuntosY": [0.04280072823166847, 0.06381960213184357, 0.08544880151748657, 0.2470976710319519, 0.2665342390537262, 0.28851836919784546]}
{"Iteracion": 28, "PuntosX": [2.4809932708740234, 2.485508441925049, 2.315303325653076, 2.297693967819214, 2.302311658859253], "PuntosY": [0.13002333045005798, 0.15202033519744873, 0.24334822595119476, 0.2617891728878021, 0.28268852829933167]}
{"Iteracion": 29, "PuntosX": [2.5086495876312256, 2.5000810623168945, 2.286961793899536, 2.2766973972320557, 2.2896440029144287], "PuntosY": [0.397331178188324, 0.41837000846862793, 0.42386338114738464, 0.44254520535469055, 0.46583321690559387]}
{"Iteracion": 30, "PuntosX": [2.2908034324645996, 2.2837982177734375, 2.500777006149292, 2.4931294918060303], "PuntosY": [0.40393051505088806, 0.423277348279953, 0.48610183596611023, 0.5072329640388489]}
{"Iteracion": 31, "PuntosX": [2.3415110111236572, 2.3176512718200684, 2.3194799423217773, 2.4914586544036865, 2.461625337600708, 2.464918613433838], "PuntosY": [0.5405803918838501, 0.5564188361167908, 0.5783112645149231, 0.7144145369529724, 0.7291665077209473, 0.7536012530326843]}
{"Iteracion": 32, "PuntosX": [2.3835525512695312, 2.367325782775879, 2.3742263317108154, 2.416017532348633, 2.4105942249298096], "PuntosY": [0.44176557660102844, 0.46016162633895874, 0.48304176330566406, 0.6700209379196167, 0.69122713804245]}
{"Iteracion": 33, "PuntosX": [2.4270236492156982, 2.4232497215270996, 2.3639016151428223, 2.354452133178711], "PuntosY": [0.6276711821556091, 0.6493077874183655, 0.8371013402938843, 0.8569505214691162]}
{"Iteracion": 34, "PuntosX": [2.4839606285095215, 2.4694414138793945, 2.3228654861450195, 2.3074445724487305],