{"TiempoSleep": 0.5, "MaxIteraciones": 50}
{"Iteracion": 1, "PuntosX": [3.0775563716888428, 3.092435836791992, 3.0814738273620605, 3.081516981124878], "PuntosY": [-0.1074705421924591, -0.0809781476855278, 0.1076076477766037, 0.13454212248325348]}
{"Iteracion": 2, "PuntosX": [3.186225175857544, 3.079969882965088, 3.088029384613037], "PuntosY": [0.027806024998426437, 0.21537239849567413, 0.2430330067873001]}
{"Iteracion": 3, "PuntosX": [3.3327577114105225, 3.3188159465789795, 3.1291544437408447, 3.1452128887176514], "PuntosY": [-0.058173805475234985, -0.028963154181838036, 0.08193972706794739, 0.1098332554101944]}
{"Iteracion": 4, "PuntosX": [3.215139389038086, 3.2119998931884766], "PuntosY": [0.056120362132787704, 0.08410906046628952]}
{"Iteracion": 5, "PuntosX": [3.3110642433166504, 3.2986221313476562, 3.5022389888763428], "PuntosY": [-0.11562476307153702, -0.0863775685429573, 1.1443626135587692e-07]}
{"Iteracion": 6, "PuntosX": [2.46901535987854, 2.4598639011383057, 2.4769411087036133, 2.6044294834136963, 2.594674825668335], "PuntosY": [-0.04309702292084694, -0.021467000246047974, 2.274464350193739e-08, 0.13649234175682068, 0.1586970090866089]}
{"Iteracion": 7, "PuntosX": [2.608828067779541, 2.6164400577545166, 2.6498186588287354, 2.640469789505005], "PuntosY": [-0.04553746432065964, -0.022833386436104774, 0.1620698869228363, 0.18463943898677826]}
{"Iteracion": 8, "PuntosX": [2.7559823989868164, 2.767061471939087, 2.6771955490112305, 2.6879501342773438], "PuntosY": [0.024051310494542122, 0.04829945042729378, 0.23422443866729736, 0.25882044434547424]}
{"Iteracion": 9, "PuntosX": [2.8829150199890137, 2.8872056007385254, 2.7160398960113525, 2.712453842163086], "PuntosY": [0.02515905350446701, 0.05039631575345993, 0.16612021625041962, 0.1896732598543167]}
{"Iteracion": 10, "PuntosX": [2.972337484359741, 2.9602115154266357, 2.7546803951263428, 2.739877223968506], "PuntosY": [0.025939440354704857, 0.051670629531145096, 0.0721338763833046, 0.09567876160144806]}
{"Iteracion": 11, "PuntosX": [2.7995169162750244, 2.8137810230255127, 3.0172083377838135, 3.022071599960327], "PuntosY": [0.048865869641304016, 0.07368145883083344, 0.10536330193281174, 0.13194680213928223]}
{"Iteracion": 12, "PuntosX": [2.9233012199401855, 2.9306046962738037, 3.080946445465088], "PuntosY": [0.07654938846826553, 0.10233911126852036, 0.24247562885284424]}
{"Iteracion": 13, "PuntosX": [3.0260567665100098, 3.0300323963165283, 3.0873756408691406, 3.103775978088379], "PuntosY": [0.15858891606330872, 0.18532483279705048, 0.3790821433067322, 0.4086199998855591]}
{"Iteracion": 14, "PuntosX": [3.178933620452881, 3.1642565727233887, 3.1347739696502686, 3.115556240081787], "PuntosY": [0.25018730759620667, 0.2768367528915405, 0.46849510073661804, 0.4934556186199188]}
{"Iteracion": 15, "PuntosX": [3.291858673095703, 3.294877290725708, 3.141066074371338], "PuntosY": [0.43338167667388916, 0.4630647301673889, 0.6105614900588989]}
{"Iteracion": 16, "PuntosX": [3.4029905796051025, 3.4091644287109375, 3.1953036785125732, 3.1911587715148926], "PuntosY": [0.7233281135559082, 0.755793571472168, 0.7966787815093994, 0.8252900838851929]}
{"Iteracion": 17, "PuntosX": [3.2586653232574463, 3.241795301437378], "PuntosY": [0.812476634979248, 0.8383855223655701]}
{"Iteracion": 18, "PuntosX": [2.4436144828796387, 2.440645694732666, 2.6355741024017334, 2.619173049926758], "PuntosY": [0.654764711856842, 0.6768511533737183, 0.7806928753852844, 0.8007617592811584]}
{"Iteracion": 19, "PuntosX": [2.5764904022216797, 2.5622434616088867, 2.66025447845459, 2.6559672355651855], "PuntosY": [0.5008191466331482, 0.5212941765785217, 0.712813138961792, 0.7365646362304688]}
{"Iteracion": 20, "PuntosX": [2.6999287605285645, 2.703709840774536, 2.687619209289551, 2.6817781925201416], "PuntosY": [0.379450261592865, 0.40407222509384155, 0.5958308577537537, 0.6191372275352478]}
{"Iteracion": 21, "PuntosX": [2.846966505050659, 2.8481807708740234, 2.7276036739349365, 2.722468137741089], "PuntosY": [0.22406105697155, 0.24918343126773834, 0.4076429307460785, 0.43119674921035767]}
{"Iteracion": 22, "PuntosX": [2.9635112285614014, 2.7680110931396484, 2.769184112548828], "PuntosY": [0.39015379548072815, 0.48807471990585327, 0.5132380723953247]}
{"Iteracion": 23, "PuntosX": [3.0538339614868164, 2.8303985595703125, 2.828338861465454], "PuntosY": [0.40204495191574097, 0.39778652787208557, 0.42269787192344666]}
{"Iteracion": 24, "PuntosX": [2.916459321975708, 3.1129260063171387], "PuntosY": [0.4098816514015198, 0.5209252238273621]}
{"Iteracion": 25, "PuntosX": [3.0238914489746094, 3.1485183238983154, 3.1485989093780518], "PuntosY": [0.23798531293869019, 0.41451042890548706, 0.44250670075416565]}
{"Iteracion": 26, "PuntosX": [3.14660906791687, 3.1609625816345215], "PuntosY": [0.24764323234558105, 0.4724089503288269]}
{"Iteracion": 27, "PuntosX": [3.293536901473999, 3.205920934677124, 3.200023651123047], "PuntosY": [0.3461647629737854, 0.5364870429039001, 0.5642503499984741]}
{"Iteracion": 28, "PuntosX": [3.428783655166626, 3.4108729362487793, 3.2488515377044678, 3.2293221950531006], "PuntosY": [0.17969505488872528, 0.2086179107427597, 0.3128291368484497, 0.3394158184528351]}
{"Iteracion": 29, "PuntosX": [3.511354684829712, 3.5157721042633057, 3.284829616546631], "PuntosY": [0.2147635817527771, 0.24584650993347168, 0.25852158665657043]}
{"Iteracion": 30, "PuntosX": [3.3678014278411865, 3.5845000743865967, 3.5822110176086426], "PuntosY": [0.029390668496489525, 0.09386344999074936, 0.12509360909461975]}
{"Iteracion": 31, "PuntosX": [2.467324733734131, 2.460240602493286, 2.4826085567474365, 2.6101326942443848, 2.60705828666687], "PuntosY": [-0.12930701673030853, -0.10741647332906723, -0.0866946429014206, 0.045560020953416824, 0.06826827675104141]}
{"Iteracion": 32, "PuntosX": [2.5952539443969727, 2.597722291946411, 2.6473288536071777, 2.6396307945251465], "PuntosY": [0.09062821418046951, 0.1134190782904625, 0.3016250431537628, 0.3241059482097626]}
{"Iteracion": 33, "PuntosX": [2.759493112564087, 2.739262819290161, 2.756779670715332, 2.67555832862854, 2.678987979888916], "PuntosY": [0.24142427742481232, 0.26376107335090637, 0.2897493541240692, 0.47177308797836304, 0.4965212941169739]}
{"Iteracion": 34, "PuntosX": [2.884688377380371, 2.894129753112793, 2.7261574268341064, 2.726602077484131], "PuntosY": [0.3286685347557068, 0.35535454750061035, 0.4806950092315674, 0.5053460597991943]}
{"Iteracion": 35, "PuntosX": [3.005052089691162, 3.0028207302093506, 2.7893426418304443, 2.784838914871216], "PuntosY": [0.5841229557991028, 0.6109306216239929, 0.6439704895019531, 0.6685805916786194]}
{"Iteracion": 36, "PuntosX": [2.856724262237549, 2.846545934677124, 3.079145908355713], "PuntosY": [0.4780515730381012, 0.5019227266311646, 0.5706861019134521]}
{"Iteracion": 37, "PuntosX": [2.9489128589630127, 2.9523425102233887, 3.1154448986053467], "PuntosY": [0.680810272693634, 0.7087949514389038, 0.8347811102867126]}
{"Iteracion": 38, "PuntosX": [3.08748197555542, 3.0638134479522705, 3.158480644226074, 3.1401209831237793], "PuntosY": [0.5166672468185425, 0.5402329564094543, 0.7291926741600037, 0.7538763284683228]}
{"Iteracion": 39, "PuntosX": [3.2117860317230225, 3.2175381183624268, 3.175647020339966], "PuntosY": [0.595269501209259, 0.6254259943962097, 0.8212782740592957]}
{"Iteracion": 40, "PuntosX": [3.341630697250366, 3.3374695777893066, 3.2055504322052, 3.1995768547058105], "PuntosY": [0.8331621885299683, 0.8631284832954407, 1.0107061862945557, 1.0396056175231934]}
{"Iteracion": 41, "PuntosX": [2.6156253814697266, 2.6222522258758545, 2.4286508560180664, 2.408970594406128], "PuntosY": [1.0303223133087158, 1.0594587326049805, 1.1067999601364136, 1.1233216524124146]}
{"Iteracion": 42, "PuntosX": [2.7137374877929688, 2.701050281524658, 2.4798567295074463, 2.4805941581726074], "PuntosY": [0.9609847068786621, 0.9831019639968872, 0.9519280195236206, 0.9771319627761841]}
{"Iteracion": 43,