{"TiempoSleep": 0.5, "MaxIteraciones": 50}
{"Iteracion": 1, "PuntosX": [3.101828098297119, 3.0449917316436768, 3.039966344833374, 3.054133653640747, 3.0504629611968994, 3.0353565216064453, 3.0499427318573, 3.0959815979003906], "PuntosY": [-0.4083636701107025, -0.37387803196907043, -0.34636035561561584, -0.3210025429725647, -0.21330897510051727, -0.18565034866333008, -0.15984079241752625, -0.1351734697818756]}
{"Iteracion": 2, "PuntosX": [3.172074794769287, 3.148118495941162, 3.1483285427093506, 3.1723530292510986, 3.22060227394104, 3.0886454582214355, 3.0671584606170654, 3.0675814151763916, 3.0902087688446045, 3.1388070583343506], "PuntosY": [-0.5024073719978333, -0.4704893231391907, -0.44246870279312134, -0.4176483154296875, -0.3954401910305023, -0.3519064784049988, -0.3223714232444763, -0.29537466168403625, -0.2703581750392914, -0.24702942371368408]}
{"Iteracion": 3, "PuntosX": [3.2518296241760254, 3.2533435821533203, 3.116659641265869, 3.107337713241577, 3.114926338195801, 3.128082275390625, 3.156926393508911], "PuntosY": [-0.5441697835922241, -0.5152791738510132, -0.46578797698020935, -0.4367079436779022, -0.41008806228637695, -0.38408005237579346, -0.3596862256526947]}
{"Iteracion": 4, "PuntosX": [3.1932177543640137, 3.17545485496521, 3.168684720993042, 3.1786935329437256, 3.1907083988189697, 3.3842835426330566], "PuntosY": [-0.6206985712051392, -0.588535726070404, -0.5587244629859924, -0.5319308638572693, -0.5053583979606628, -0.505784273147583]}
{"Iteracion": 5, "PuntosX": [3.289724349975586, 3.272181987762451, 3.268186330795288, 3.2800402641296387, 3.4271085262298584, 3.42277193069458, 3.431396484375], "PuntosY": [-0.6394577026367188, -0.6064633131027222, -0.5762695074081421, -0.5488905310630798, -0.5428008437156677, -0.5115366578102112, -0.4822513163089752]}
{"Iteracion": 6, "PuntosX": [2.456660270690918, 2.4354095458984375, 2.427083969116211, 2.429957151412964, 2.447035074234009, 2.556882858276367, 2.5363199710845947, 2.5286247730255127, 2.5314180850982666, 2.5526793003082275], "PuntosY": [-0.7044361233711243, -0.6753986477851868, -0.6503351330757141, -0.6284298300743103, -0.6101142764091492, -0.5668473243713379, -0.5391114950180054, -0.5144540667533875, -0.49205783009529114, -0.47311121225357056]}
{"Iteracion": 7, "PuntosX": [2.59199595451355, 2.5489773750305176, 2.544790267944336, 2.560007333755493, 2.5935745239257812, 2.628840208053589, 2.57560658454895, 2.565385580062866, 2.5801942348480225, 2.605103015899658], "PuntosY": [-0.8172532916069031, -0.7793004512786865, -0.7538011074066162, -0.7340704202651978, -0.7192617654800415, -0.655443549156189, -0.6183483600616455, -0.5922659635543823, -0.5720152854919434, -0.5537319779396057]}
{"Iteracion": 8, "PuntosX": [2.6733062267303467, 2.674288034439087, 2.6799426078796387, 2.704530954360962, 2.746769428253174, 2.6121597290039062, 2.615668535232544, 2.622285842895508, 2.6468780040740967, 2.698281764984131], "PuntosY": [-0.7413731813430786, -0.7165733575820923, -0.693080484867096, -0.6743155717849731, -0.6594411730766296, -0.5791020393371582, -0.5559776425361633, -0.533510148525238, -0.5145010352134705, -0.5000972747802734]}
{"Iteracion": 9, "PuntosX": [2.8291819095611572, 2.818998098373413, 2.8199214935302734, 2.8304057121276855, 2.6942100524902344, 2.6884725093841553, 2.6983158588409424, 2.7082018852233887, 2.7374186515808105], "PuntosY": [-0.6792261004447937, -0.6508165001869202, -0.625161349773407, -0.6016213893890381, -0.5481427907943726, -0.5225859880447388, -0.5001032948493958, -0.4775286912918091, -0.4580864906311035]}
{"Iteracion": 10, "PuntosX": [2.794811248779297, 2.773688554763794, 2.7714855670928955, 2.7726290225982666, 2.7852861881256104, 2.802652359008789], "PuntosY": [-0.4676908850669861, -0.43930914998054504, -0.41420120000839233, -0.3896673917770386, -0.3666899502277374, -0.34412243962287903]}
{"Iteracion": 11, "PuntosX": [2.886469602584839, 2.867737054824829, 2.865107536315918, 2.8651950359344482, 2.879718542098999, 3.0275962352752686, 3.032208204269409, 3.0562829971313477], "PuntosY": [-0.4056668281555176, -0.37754493951797485, -0.35179099440574646, -0.32644790410995483, -0.30267104506492615, -0.29152441024780273, -0.26528412103652954, -0.2405346930027008]}
{"Iteracion": 12, "PuntosX": [2.9960784912109375, 2.952908992767334, 2.9381275177001953, 2.936518430709839, 2.9433932304382324, 3.1056180000305176, 3.070460796356201, 3.055785655975342, 3.0574986934661865, 3.0726654529571533], "PuntosY": [-0.31490054726600647, -0.2843329906463623, -0.25705277919769287, -0.23110881447792053, -0.2058216631412506, -0.18994753062725067, -0.16091607511043549, -0.1334184855222702, -0.10677038133144379, -0.0804605707526207]}
{"Iteracion": 13, "PuntosX": [3.06227445602417, 3.0317819118499756, 3.0254313945770264, 3.042128801345825, 3.111582040786743, 3.0799615383148193, 3.073765277862549, 3.088442325592041], "PuntosY": [-0.10693705081939697, -0.07939014583826065, -0.05280937999486923, -0.02654840052127838, 0.054312728345394135, 0.08065161108970642, 0.10733821243047714, 0.1348443329334259]}
{"Iteracion": 14, "PuntosX": [3.1355998516082764, 3.1197359561920166, 3.127861261367798, 3.162508010864258, 3.1008760929107666, 3.082589864730835, 3.0909323692321777, 3.124666213989258], "PuntosY": [-0.13690344989299774, -0.10894384980201721, -0.08190592378377914, -0.05520191416144371, 0.027061045169830322, 0.05380691587924957, 0.08093896508216858, 0.10911571979522705]}
{"Iteracion": 15, "PuntosX": [3.2320640087127686, 3.22615122795105, 3.231842041015625, 3.2499148845672607, 3.119690179824829, 3.114182233810425, 3.1235408782958984, 3.1423683166503906], "PuntosY": [0.08463450521230698, 0.11265993863344193, 0.14110544323921204, 0.17032088339328766, 0.21814988553524017, 0.24509121477603912, 0.27327436208724976, 0.3025760054588318]}
{"Iteracion": 16, "PuntosX": [3.347017288208008, 3.3339498043060303, 3.2011992931365967, 3.1794044971466064, 3.1758065223693848, 3.177518129348755, 3.1974053382873535], "PuntosY": [0.29282593727111816, 0.3210230767726898, 0.33645957708358765, 0.3622472584247589, 0.38993996381759644, 0.4183282256126404, 0.44936585426330566]}
{"Iteracion": 17, "PuntosX": [3.3080785274505615, 3.26916766166687, 3.2561111450195312, 3.255089521408081, 3.2595036029815674, 3.2941019535064697], "PuntosY": [0.17336925864219666, 0.1999506950378418, 0.22768931090831757, 0.25618094205856323, 0.2851696014404297, 0.3171860873699188]}
{"Iteracion": 18, "PuntosX": [3.3852970600128174, 3.347062826156616, 3.3345324993133545, 3.3265254497528076, 3.339704990386963, 3.4709250926971436, 3.460735559463501, 3.474419116973877], "PuntosY": [0.11821739375591278, 0.14613628387451172, 0.17475542426109314, 0.2034589648246765, 0.23353488743305206, 0.27316752076148987, 0.3027753233909607, 0.3345487415790558]}
{"Iteracion": 19, "PuntosX": [2.460092067718506, 2.436805009841919, 2.4224352836608887, 2.420593500137329, 2.427663564682007, 2.5266335010528564, 2.5037646293640137, 2.4920549392700195, 2.4900128841400146, 2.506197929382324], "PuntosY": [0.08590857684612274, 0.10639340430498123, 0.1269546002149582, 0.14804986119270325, 0.16975870728492737, 0.2432873547077179, 0.2631564736366272, 0.28393372893333435, 0.30573520064353943, 0.32994744181632996]}
{"Iteracion": 20, "PuntosX": [2.5835061073303223, 2.5454883575439453, 2.531168222427368, 2.539907932281494, 2.5592689514160156, 2.5414531230926514, 2.527388572692871, 2.520785331726074, 2.531789541244507, 2.5869996547698975], "PuntosY": [0.09021811932325363, 0.11113866418600082, 0.13265296816825867, 0.1553473174571991, 0.17896147072315216, 0.26711753010749817, 0.2879595458507538, 0.3095134496688843, 0.3333165645599365, 0.3635789752006531]}
{"Iteracion": 21, "PuntosX": [2.6802120208740234, 2.671414375305176, 2.6699960231781006, 2.687864303588867, 2.7142553329467773, 2.5954172611236572, 2.5800251960754395, 2.5785164833068848, 2.5905776023864746, 2.6105103492736816],