{"TiempoSleep": 0.5, "MaxIteraciones": 50}
{"Iteracion": 1, "PuntosX": [3.0235941410064697, 3.001619338989258, 3.0019681453704834, 3.0161287784576416, 3.063748598098755, 3.008820056915283, 2.9956555366516113, 3.01033616065979, 3.0635299682617188], "PuntosY": [-0.29113927483558655, -0.2626078426837921, -0.23625998198986053, -0.21090812981128693, -0.13376644253730774, -0.10507050156593323, -0.07844405621290207, -0.05254598334431648, -0.026735225692391396]}
{"Iteracion": 2, "PuntosX": [3.1262400150299072, 3.117457389831543, 3.121872663497925, 3.1473405361175537, 3.0623250007629395, 3.036324977874756, 3.036740303039551, 3.0552687644958496, 3.105078935623169], "PuntosY": [-0.21860772371292114, -0.19067147374153137, -0.1636102795600891, -0.13741590082645416, -0.08018970489501953, -0.05299929156899452, -0.026501087471842766, 3.2567186281085014e-08, 0.027097860351204872]}
{"Iteracion": 3, "PuntosX": [3.211907148361206, 3.2033727169036865, 3.211019515991211, 3.066392183303833, 3.0619523525238037, 3.0694568157196045, 3.0863797664642334, 3.1164445877075195], "PuntosY": [-0.3659502863883972, -0.3366883099079132, -0.30918627977371216, -0.2682745158672333, -0.24098072946071625, -0.21463710069656372, -0.1887708157300949, -0.16332590579986572]}
{"Iteracion": 4, "PuntosX": [3.1417696475982666, 3.1133971214294434, 3.107175350189209, 3.1083884239196777, 3.1187663078308105, 3.152273416519165], "PuntosY": [-0.19215869903564453, -0.16316625475883484, -0.13566230237483978, -0.10854727029800415, -0.08166761696338654, -0.05502336844801903]}
{"Iteracion": 5, "PuntosX": [3.2302520275115967, 3.204576015472412, 3.199204683303833, 3.195498466491699, 3.214437246322632, 3.3514339923858643, 3.3591959476470947], "PuntosY": [-0.14103618264198303, -0.11190616339445114, -0.08377419412136078, -0.05577787384390831, -0.028052186593413353, 6.489426596090198e-08, 0.029315458610653877]}
{"Iteracion": 6, "PuntosX": [3.311678409576416, 3.2897841930389404, 3.290689468383789, 3.313304901123047, 3.450651168823242, 3.4071826934814453, 3.3896450996398926, 3.393336296081543], "PuntosY": [-0.17355775833129883, -0.14363549649715424, -0.11491364240646362, -0.08676212280988693, -0.060231611132621765, -0.029734155163168907, -2.183151082135737e-07, 0.029613206163048744]}
{"Iteracion": 7, "PuntosX": [2.4853272438049316, 2.4634101390838623, 2.4549858570098877, 2.4651236534118652, 2.489992141723633, 2.5410757064819336, 2.4956183433532715, 2.4854888916015625, 2.4770560264587402, 2.494157314300537], "PuntosY": [-0.10851191729307175, -0.08602415770292282, -0.0642859935760498, -0.04302915558218956, -0.021729851141572, 0.04435456916689873, 0.06535002589225769, 0.08679516613483429, 0.10815079510211945, 0.1307133585214615]}
{"Iteracion": 8, "PuntosX": [2.579627513885498, 2.5606493949890137, 2.5641889572143555, 2.574843645095825, 2.605349063873291, 2.5250043869018555, 2.500875949859619, 2.504239559173584, 2.507970094680786, 2.540102243423462], "PuntosY": [-0.022512156516313553, -8.914503268897533e-08, 0.022377418354153633, 0.04494399204850197, 0.0682235062122345, 0.13232989609241486, 0.15296000242233276, 0.17511330544948578, 0.19738130271434784, 0.22223013639450073]}
{"Iteracion": 9, "PuntosX": [2.7019059658050537, 2.693502426147461, 2.690814256668091, 2.7013931274414062, 2.716627836227417, 2.5736303329467773, 2.565575361251831, 2.5625689029693604, 2.5727035999298096, 2.5851657390594482, 2.626462936401367], "PuntosY": [8.006463758647442e-08, 0.023505931720137596, 0.04696826636791229, 0.07073864340782166, 0.09486684203147888, 0.11236726492643356, 0.13445624709129333, 0.1567334234714508, 0.17990097403526306, 0.20345690846443176, 0.22978585958480835]}
{"Iteracion": 10, "PuntosX": [2.8100154399871826, 2.654642343521118, 2.6280133724212646, 2.621030807495117, 2.61902117729187, 2.622309446334839, 2.635098457336426, 2.6657679080963135], "PuntosY": [-0.0735829547047615, -0.04633723199367523, -0.02293439395725727, -5.718902684748173e-08, 0.02285604178905487, 0.04577253386378288, 0.0690024346113205, 0.09309065341949463]}
{"Iteracion": 11, "PuntosX": [2.7061524391174316, 2.6909120082855225, 2.680448532104492, 2.6805214881896973, 2.680595636367798, 2.7035062313079834, 2.8572068214416504], "PuntosY": [0.11815337091684341, 0.14102481305599213, 0.16394323110580444, 0.18744027614593506, 0.21096739172935486, 0.23652607202529907, 0.2751178741455078]}
{"Iteracion": 12, "PuntosX": [2.79190731048584, 2.7664148807525635, 2.753386974334717, 2.7519662380218506, 2.7585361003875732, 2.900618553161621, 2.88284969329834, 2.869749069213867, 2.873849391937256, 2.8983867168426514], "PuntosY": [-0.024364855140447617, -1.514927134849131e-07, 0.024028470739722252, 0.048035670071840286, 0.07223471254110336, 0.10129182785749435, 0.12586811184883118, 0.15039721131324768, 0.1757720410823822, 0.20267459750175476]}
{"Iteracion": 13, "PuntosX": [2.888143539428711, 2.859819173812866, 2.853768825531006, 2.867807626724243, 2.9535880088806152, 2.9142556190490723, 2.904412031173706, 2.9031641483306885, 2.9298605918884277], "PuntosY": [-0.17664635181427002, -0.14987678825855255, -0.12459827959537506, -0.10014622658491135, -0.02577562816441059, -2.9998773243278265e-08, 0.02534639835357666, 0.05067478492856026, 0.07672090828418732]}
{"Iteracion": 14, "PuntosX": [2.996756076812744, 2.974727153778076, 2.982405662536621, 3.0044002532958984, 2.9670677185058594, 2.9435794353485107, 2.943439245223999, 2.953660011291504], "PuntosY": [-0.2358497977256775, -0.20801302790641785, -0.18241152167320251, -0.15745410323143005, -0.07769527286291122, -0.05138063803315163, -0.025686904788017273, -5.216497811488807e-08]}
{"Iteracion": 15, "PuntosX": [3.1050093173980713, 3.074505567550659, 3.0697193145751953, 3.086268901824951, 3.1149446964263916, 2.9787020683288574, 2.962555408477783, 2.959768533706665, 2.9764304161071777, 3.0099639892578125], "PuntosY": [-0.0813073217868805, -0.053665872663259506, -0.026789110153913498, 4.515459295362234e-08, 0.027183949947357178, 0.05199361965060234, 0.07757735997438431, 0.10335748642683029, 0.1299540251493454, 0.15774564445018768]}
{"Iteracion": 16, "PuntosX": [3.156405210494995, 3.1507937908172607, 2.997190475463867, 2.991797924041748, 2.9933550357818604, 3.005417585372925, 3.0255067348480225], "PuntosY": [-0.13781146705150604, -0.1100282222032547, -0.07848406583070755, -0.052222173660993576, -0.0261225588619709, 9.200448403134942e-08, 0.02640347182750702]}
{"Iteracion": 17, "PuntosX": [3.0801520347595215, 3.067430019378662, 3.058500289916992, 3.0625522136688232, 3.0714943408966064, 3.247962713241577], "PuntosY": [-0.053764425218105316, -0.026769360527396202, -8.2269252743572e-08, 0.02672659419476986, 0.05361316725611687, 0.085051029920578]}
{"Iteracion": 18, "PuntosX": [3.209021806716919, 3.1706364154815674, 3.1590771675109863, 3.149845600128174, 3.162017345428467, 3.299626350402832, 3.289073944091797, 3.2919700145721436], "PuntosY": [-0.02800477296113968, 7.94570951256901e-08, 0.027568932622671127, 0.05498076602816582, 0.08280032128095627, 0.11522568762302399, 0.14360427856445312, 0.17252494394779205]}
{"Iteracion": 19, "PuntosX": [3.311070442199707, 3.279134750366211, 3.2682700157165527, 3.271622896194458, 3.404937267303467, 3.3551924228668213, 3.338651180267334, 3.335909843444824], "PuntosY": [0.057794924825429916, 0.08586711436510086, 0.11413057893514633, 0.14284230768680573, 0.20825478434562683, 0.234617680311203, 0.2627575695514679, 0.2918543815612793]}
{"Iteracion": 20, "PuntosX": [3.4344608783721924, 3.4040727615356445, 3.4042909145355225, 3.438610076904297, 3.4044783115386963, 3.385554552078247, 3.396352529525757], "PuntosY": [0.14995190501213074, 0.17839984595775604, 0.20821526646614075, 0.24045078456401825, 0.3278141915798187, 0.3558363616466522, 0.3869653344154358]}
{"Iteracion": 21, "PuntosX": [2.5363388061523438, 2.505868911743164, 2.504530906677246, 2.5065433979034424, 2.52642560005188, 2.579150915145874, 2.437781572341919, 2.4139516353607178, 2.4125216007232666, 2.415287494659424, 2.4355430603027344],