{"TiempoSleep": 0.5, "MaxIteraciones": 50}
{"Iteracion": 1, "PuntosX": [2.1535794734954834, 2.1290013790130615, 2.119264841079712, 2.128979206085205, 2.138753890991211, 2.17529296875, 2.1399357318878174, 2.1287522315979004, 2.119375705718994, 2.1293880939483643, 2.1395304203033447, 2.185502052307129], "PuntosY": [-0.41861337423324585, -0.39458712935447693, -0.3736833930015564, -0.3562687933444977, -0.33874520659446716, -0.3250997066497803, -0.24381475150585175, -0.22374100983142853, -0.20407263934612274, -0.18629741668701172, -0.16838453710079193, -0.1528249830007553]}
{"Iteracion": 2, "PuntosX": [2.269653558731079, 2.2438385486602783, 2.2440218925476074, 2.2493367195129395, 2.2659480571746826, 2.2828922271728516, 2.33505916595459, 2.166583776473999, 2.1627519130706787, 2.1630465984344482, 2.172785520553589, 2.1895198822021484, 2.2166614532470703], "PuntosY": [-0.5448956489562988, -0.5180306434631348, -0.49748778343200684, -0.47811129689216614, -0.4610121250152588, -0.4437493681907654, -0.4327777624130249, -0.3820270597934723, -0.36192047595977783, -0.3425929844379425, -0.32472479343414307, -0.307716965675354, -0.29182907938957214]}
{"Iteracion": 3, "PuntosX": [2.339510202407837, 2.3256752490997314, 2.327770233154297, 2.1902246475219727, 2.1819427013397217, 2.1873178482055664, 2.192697763442993, 2.2033870220184326, 2.222398519515991, 2.264542579650879], "PuntosY": [-0.6708437204360962, -0.6449664831161499, -0.6237242221832275, -0.5664305090904236, -0.5440192818641663, -0.5251284837722778, -0.5062237977981567, -0.4884791672229767, -0.472385436296463, -0.46072620153427124]}
{"Iteracion": 4, "PuntosX": [2.1800377368927, 2.1750357151031494, 2.1700820922851562, 2.1727545261383057, 2.179867744445801, 2.1869943141937256, 2.212104082107544, 2.3717410564422607], "PuntosY": [-0.6457566618919373, -0.6236816644668579, -0.6018170118331909, -0.5821880102157593, -0.5637524127960205, -0.5452788472175598, -0.5310792922973633, -0.5475594997406006]}
{"Iteracion": 5, "PuntosX": [2.194734811782837, 2.174110174179077, 2.1712889671325684, 2.168487310409546, 2.1748318672180176, 2.1872994899749756, 2.3306586742401123, 2.326166868209839, 2.3231041431427, 2.3270609378814697, 2.340362310409546], "PuntosY": [-0.650110125541687, -0.6234166026115417, -0.6021516919136047, -0.5810446739196777, -0.5624498128890991, -0.5453549027442932, -0.5595415234565735, -0.5370377898216248, -0.5150200128555298, -0.4946322739124298, -0.47615209221839905]}
{"Iteracion": 6, "PuntosX": [2.1980478763580322, 2.181500196456909, 2.184126615524292, 2.186746835708618, 2.212937593460083, 2.3143956661224365, 2.2948598861694336, 2.2835240364074707, 2.2860684394836426, 2.2937631607055664, 2.3255457878112793], "PuntosY": [-0.7141890525817871, -0.6878242492675781, -0.6677545309066772, -0.6477436423301697, -0.6345497965812683, -0.598543643951416, -0.5721728205680847, -0.5482256412506104, -0.5277802348136902, -0.5085151195526123, -0.4943101406097412]}
{"Iteracion": 7, "PuntosX": [2.2305257320404053, 2.2168960571289062, 2.2114648818969727, 2.2247116565704346, 2.2416622638702393, 2.2823731899261475, 2.2444019317626953, 2.235623359680176, 2.243363380432129, 2.256887435913086, 2.303680658340454], "PuntosY": [-0.6607116460800171, -0.6356847286224365, -0.6132931709289551, -0.5961096286773682, -0.5797331929206848, -0.5059899687767029, -0.477062463760376, -0.45484256744384766, -0.4360654354095459, -0.41828954219818115, -0.4062008857727051]}
{"Iteracion": 8, "PuntosX": [2.2564926147460938, 2.259752035140991, 2.263021945953369, 2.2825076580047607, 2.303004741668701, 2.3566536903381348, 2.2158846855163574, 2.1987318992614746, 2.201721668243408, 2.208474636077881, 2.2286298274993896, 2.2523927688598633], "PuntosY": [-0.7550118565559387, -0.7342380881309509, -0.7135282158851624, -0.6978326439857483, -0.6821811199188232, -0.6757596135139465, -0.6145190000534058, -0.5891485214233398, -0.5694041848182678, -0.5506346821784973, -0.5350466966629028, -0.5200059413909912]}
{"Iteracion": 9, "PuntosX": [2.314995765686035, 2.3055567741394043, 2.304964065551758, 2.186704635620117, 2.177859306335449, 2.176251173019409, 2.1842987537384033, 2.19236159324646, 2.2101926803588867, 2.2328312397003174], "PuntosY": [-0.8655416369438171, -0.8391538858413696, -0.8162304162979126, -0.7529426217079163, -0.7287014126777649, -0.7071067690849304, -0.6887066960334778, -0.6702720522880554, -0.6546888947486877, -0.640254020690918]}
{"Iteracion": 10, "PuntosX": [2.192819356918335, 2.173978328704834, 2.1720128059387207, 2.1715774536132812, 2.1814284324645996, 2.191293239593506, 2.2105796337127686, 2.384256362915039], "PuntosY": [-0.8417444825172424, -0.8128172755241394, -0.7905480265617371, -0.7689957022666931, -0.7511261105537415, -0.7331967353820801, -0.7182610630989075, -0.7517530918121338]}
{"Iteracion": 11, "PuntosX": [2.2091164588928223, 2.1891815662384033, 2.179551601409912, 2.1796152591705322, 2.1796796321868896, 2.1938302516937256, 2.209359645843506, 2.3419435024261475, 2.3421523571014404, 2.3468403816223145, 2.363693952560425], "PuntosY": [-0.8701937794685364, -0.8403480052947998, -0.8149011135101318, -0.7933147549629211, -0.7718647122383118, -0.7553962469100952, -0.7392413020133972, -0.7609433531761169, -0.7384777069091797, -0.7175011038780212, -0.7001579403877258]}
{"Iteracion": 12, "PuntosX": [2.218804359436035, 2.2041213512420654, 2.195751667022705, 2.2010650634765625, 2.2090651988983154, 2.244340181350708, 2.3500030040740967, 2.327367067337036, 2.3138139247894287, 2.319528102874756, 2.325141191482544, 2.3606293201446533], "PuntosY": [-0.8075785040855408, -0.7805201411247253, -0.756057620048523, -0.7364659309387207, -0.7177687883377075, -0.7076374888420105, -0.6961025595664978, -0.6673619747161865, -0.6416771411895752, -0.6215155124664307, -0.6013225317001343, -0.5885708928108215]}
{"Iteracion": 13, "PuntosX": [2.2370240688323975, 2.2309811115264893, 2.2315919399261475, 2.2479281425476074, 2.277599811553955, 2.2845616340637207, 2.2791073322296143, 2.2771246433258057, 2.294123411178589, 2.3258914947509766], "PuntosY": [-0.926605761051178, -0.9013747572898865, -0.8790475130081177, -0.8628985285758972, -0.8515599370002747, -0.7644037008285522, -0.7405269742012024, -0.7179745435714722, -0.7013838291168213, -0.6889604330062866]}
{"Iteracion": 14, "PuntosX": [2.268561601638794, 2.274770736694336, 2.2808756828308105, 2.3045082092285156, 2.328803777694702, 2.2499473094940186, 2.2339513301849365, 2.240020513534546, 2.2497284412384033, 2.2743101119995117, 2.315166473388672], "PuntosY": [-0.9629471302032471, -0.9422410130500793, -0.9215335249900818, -0.9077697396278381, -0.8939439654350281, -0.8189137578010559, -0.791083574295044, -0.7713007926940918, -0.7527486681938171, -0.738968014717102, -0.7299689054489136]}
{"Iteracion": 15, "PuntosX": [2.315249443054199, 2.3115079402923584, 2.3230690956115723, 2.20797061920166, 2.203110456466675, 2.2011799812316895, 2.2122766971588135, 2.2234206199645996, 2.243413209915161, 2.271949052810669], "PuntosY": [-0.9120006561279297, -0.8873045444488525, -0.8685598373413086, -0.80363529920578, -0.7801622152328491, -0.7579269409179688, -0.7402173280715942, -0.7224327921867371, -0.7073452472686768, -0.6946043968200684]}
{"Iteracion": 16, "PuntosX": [2.1832900047302246, 2.182431936264038, 2.183702230453491, 2.188659906387329, 2.2015886306762695, 2.2145891189575195, 2.2503442764282227], "PuntosY": [-0.860020637512207, -0.8377570509910583, -0.816453218460083, -0.7966073155403137, -0.7796229720115662, -0.7625441551208496, -0.7529544830322266]}
{"Iteracion": 17, "PuntosX": [2.185756206512451, 2.1727819442749023, 2.1742513179779053, 2.1773786544799805, 2.184537410736084, 2.2035796642303467, 2.3422834873199463, 2.3454513549804688, 2.356703519821167, 2.3772716522216797], "PuntosY": [-0.9053696393966675, -0.8778610229492188, -0.8564603924751282, -0.8358173370361328, -0.8167651891708374, -0.8020370602607727, -0.8294457197189331, -0.8076034784317017, -0.7885417938232422, -0.7724223136901855]}
