{"TiempoSleep": 0.5, "MaxIteraciones": 50}
{"Iteracion": 1, "PuntosX": [2.8913521766662598, 2.877075433731079, 2.878530979156494, 2.893066167831421, 2.935307502746582, 2.887653112411499, 2.8740057945251465, 2.882889747619629, 2.929690361022949], "PuntosY": [-7.792550604790449e-09, 0.02510787732899189, 0.050244998186826706, 0.07575775682926178, 0.15383294224739075, 0.17661640048027039, 0.200969859957695, 0.22688812017440796, 0.2563147246837616]}
{"Iteracion": 2, "PuntosX": [2.8664822578430176, 2.8419253826141357, 2.8357324600219727, 2.8468520641326904, 2.8389365673065186, 2.822681427001953, 2.8209612369537354, 2.8326854705810547], "PuntosY": [0.12515366077423096, 0.1489391028881073, 0.17344063520431519, 0.19907128810882568, 0.2983843982219696, 0.32160401344299316, 0.34637048840522766, 0.3729304075241089]}
{"Iteracion": 3, "PuntosX": [2.7986955642700195, 2.7789852619171143, 2.77457332611084, 2.782735586166382, 2.7635035514831543, 2.7448713779449463, 2.7415385246276855, 2.750122547149658], "PuntosY": [0.2694839835166931, 0.29208338260650635, 0.31612271070480347, 0.3416770398616791, 0.43769609928131104, 0.4593338966369629, 0.48340728878974915, 0.5097055435180664]}
{"Iteracion": 4, "PuntosX": [2.521515130996704, 2.5019142627716064, 2.5066866874694824, 2.5154480934143066, 2.5544521808624268, 2.4837636947631836, 2.463639974594116, 2.4537229537963867, 2.4587182998657227, 2.482375144958496], "PuntosY": [0.19844737648963928, 0.21888908743858337, 0.2413666546344757, 0.2643841803073883, 0.2910429835319519, 0.3490702509880066, 0.3681934177875519, 0.3886314928531647, 0.41144829988479614, 0.437709778547287]}
{"Iteracion": 5, "PuntosX": [2.9825963973999023, 2.980123281478882, 2.9870173931121826, 3.0201263427734375, 2.922755002975464, 2.9138026237487793, 2.9168126583099365, 2.9492685794830322], "PuntosY": [0.07810202240943909, 0.1040680855512619, 0.13041603565216064, 0.15827807784080505, 0.23002561926841736, 0.2549246847629547, 0.2808572053909302, 0.30998048186302185]}
{"Iteracion": 6, "PuntosX": [2.9669008255004883, 2.946476936340332, 2.9467179775238037, 2.967855453491211, 2.8917031288146973, 2.865337371826172, 2.8657400608062744, 2.8803887367248535], "PuntosY": [0.3906000256538391, 0.41410019993782043, 0.4403897523880005, 0.47006210684776306, 0.5359455943107605, 0.5569651126861572, 0.583041250705719, 0.6122456192970276]}
{"Iteracion": 7, "PuntosX": [2.71293306350708, 2.710777521133423, 2.7124152183532715, 2.7322278022766113, 2.784872531890869, 2.6248419284820557, 2.6159024238586426, 2.613961935043335, 2.631004810333252, 2.6669199466705322], "PuntosY": [0.09473792463541031, 0.11835519969463348, 0.14215178787708282, 0.1671101599931717, 0.1947372704744339, 0.22964408993721008, 0.2518830895423889, 0.27473849058151245, 0.29976508021354675, 0.3274565637111664]}
{"Iteracion": 8, "PuntosX": [2.953887701034546, 2.9477691650390625, 2.9483401775360107, 2.9653701782226562, 3.0071964263916016, 2.862309217453003, 2.84039568901062, 2.8358073234558105, 2.8500964641571045, 2.873643398284912], "PuntosY": [0.051560305058956146, 0.07718992233276367, 0.10295828431844711, 0.12947095930576324, 0.15760047733783722, 0.17506630718708038, 0.19861958920955658, 0.22318263351917267, 0.24935109913349152, 0.2767007052898407]}
{"Iteracion": 9, "PuntosX": [3.2160983085632324, 3.207460403442383, 3.2192249298095703, 3.2359237670898438, 3.0947065353393555, 3.086705207824707, 3.0965983867645264, 3.1104493141174316, 3.157752752304077], "PuntosY": [-0.2531120181083679, -0.22428716719150543, -0.196896031498909, -0.16958744823932648, -0.1351180225610733, -0.10779015719890594, -0.081087127327919, -0.05429324507713318, -0.027557123452425003]}
{"Iteracion": 10, "PuntosX": [3.3977017402648926, 3.3854241371154785, 3.3894217014312744, 3.400959014892578, 3.2606208324432373, 3.2492120265960693, 3.260085105895996, 3.277331590652466], "PuntosY": [-0.05930711701512337, -0.029544111341238022, -5.319452611729503e-08, 0.029679886996746063, 0.05691450089216232, 0.0850834921002388, 0.11384490877389908, 0.14309152960777283]}
{"Iteracion": 11, "PuntosX": [3.041546583175659, 3.027890920639038, 3.0240964889526367, 3.0317137241363525, 2.9018807411193848, 2.886641025543213, 2.880509853363037, 2.888091564178467, 2.904759407043457], "PuntosY": [0.23937483131885529, 0.2649061977863312, 0.2911876440048218, 0.318646103143692, 0.33062753081321716, 0.3544349670410156, 0.3792265057563782, 0.40589481592178345, 0.43411925435066223]}
{"Iteracion": 12, "PuntosX": [2.9910199642181396, 2.9736971855163574, 2.97035813331604, 2.9748573303222656, 2.8265597820281982, 2.8181307315826416, 2.822593927383423, 2.830493211746216, 2.8564505577087402], "PuntosY": [0.02610252983868122, 0.051906175911426544, 0.07778166234493256, 0.10388439148664474, 0.1234104335308075, 0.14769215881824493, 0.17263731360435486, 0.19792726635932922, 0.224807471036911]}
{"Iteracion": 13, "PuntosX": [2.7491583824157715, 2.7294485569000244, 2.725529670715332, 2.5862014293670654, 2.5682618618011475, 2.5678982734680176, 2.569638967514038, 2.578493595123291, 2.5973622798919678], "PuntosY": [-1.1897645890712738e-07, 0.02381967380642891, 0.04757417365908623, 0.06772210448980331, 0.08968567103147507, 0.11211694031953812, 0.13466908037662506, 0.15770725905895233, 0.18162502348423004]}
{"Iteracion": 14, "PuntosX": [2.787811279296875, 2.634977102279663, 2.6104111671447754, 2.604416847229004, 2.6038947105407715, 2.6080682277679443, 2.6223678588867188, 2.6529953479766846], "PuntosY": [-0.219405397772789, -0.18425534665584564, -0.1596594601869583, -0.13649162650108337, -0.1136886328458786, -0.09107565879821777, -0.06866907328367233, -0.04630841314792633]}
{"Iteracion": 15, "PuntosX": [2.670795202255249, 2.5037925243377686, 2.489755153656006, 2.487065553665161, 2.4843826293945312, 2.4953386783599854, 2.5063960552215576], "PuntosY": [-0.11660967767238617, -0.08743441104888916, -0.06519656628370285, -0.04341188818216324, -0.021680913865566254, 1.170774339698255e-07, 0.021873116493225098]}
{"Iteracion": 16, "PuntosX": [2.8984599113464355, 2.8770790100097656, 2.8711025714874268, 2.8740766048431396, 2.8834683895111084, 2.9082703590393066], "PuntosY": [-0.4331776201725006, -0.40434691309928894, -0.37798795104026794, -0.3528921902179718, -0.32852956652641296, -0.3056713938713074]}
{"Iteracion": 17, "PuntosX": [3.0542287826538086, 3.0443782806396484, 3.040005683898926, 3.0471763610839844, 3.061713218688965, 3.2275500297546387], "PuntosY": [-0.5936819314956665, -0.5642423629760742, -0.536034882068634, -0.5099223852157593, -0.4849280118942261, -0.4823606014251709]}
{"Iteracion": 18, "PuntosX": [3.2648518085479736, 3.2498722076416016, 3.2512552738189697, 3.2561020851135254, 3.2848060131073, 3.4281373023986816], "PuntosY": [-0.7537502646446228, -0.720479428768158, -0.6910757422447205, -0.6624612212181091, -0.6385016441345215, -0.6353681087493896]}
{"Iteracion": 19, "PuntosX": [2.895052909851074, 2.881254196166992, 2.8680777549743652, 2.8698198795318604, 2.8715713024139404, 2.9013478755950928], "PuntosY": [0.3298497498035431, 0.35377365350723267, 0.3775898218154907, 0.40332701802253723, 0.4291592836380005, 0.45952850580215454]}
{"Iteracion": 20, "PuntosX": [2.6131927967071533, 2.59792423248291, 2.5827996730804443, 2.5805907249450684, 2.5798521041870117, 2.590400218963623, 2.7459819316864014], "PuntosY": [0.2977358102798462, 0.31898510456085205, 0.3400322496891022, 0.36267852783203125, 0.3855614960193634, 0.41027921438217163, 0.45951974391937256]}
{"Iteracion": 21, "PuntosX": [2.473175525665283, 2.455742597579956, 2.439638614654541, 2.436803102493286, 2.433966636657715, 2.4410228729248047, 2.587968349456787, 2.595571517944336], "PuntosY": [0.2817825973033905, 0.3015272915363312, 0.3211846649646759, 0.34247028827667236, 0.36375856399536133, 0.38662007451057434, 0.4330771863460541, 0.457669198513031]}
{"Iteracion": 22, "PuntosX": [2.6497442722320557, 2.6269543170928955, 2.608961343765259, 2.603649854660034, 2.5983481407165527, 2.609687089920044, 2.7487847805023193, 2.7450902462005615, 2.760660171508789],