{"TiempoSleep": 5, "MaxIteraciones": 5}
{"Iteracion": 1, "PuntosX": [1.4151238203048706, 1.4134601354599, 1.4234888553619385, 1.4486031532287598, 1.5499343872070312, 1.5414230823516846, 1.5492199659347534, 1.5701149702072144, 1.1609792709350586, 1.1264628171920776, 1.1234831809997559, 1.1205421686172485, 1.1179639101028442, 1.1262626647949219, 1.1346256732940674, 1.14305579662323, 1.1541235446929932, 1.1848894357681274, 1.2183135747909546, 1.1872894763946533, 1.175355076789856, 1.1727361679077148, 1.1701411008834839, 1.1675692796707153, 1.174843192100525, 1.1839280128479004, 1.1931159496307373, 1.2141526937484741, 1.7782014608383179, 1.7773399353027344, 1.7879407405853271, 1.750971794128418, 1.6769740581512451, 1.6497505903244019, 1.6296865940093994, 1.6130530834197998, 1.6010466814041138, 1.5900307893753052, 1.581304907798767, 1.5741664171218872, 1.5670832395553589, 1.5629994869232178, 1.5589473247528076, 1.5554161071777344, 1.5540803670883179, 1.552743673324585, 1.5522648096084595, 1.5536450147628784, 1.555031180381775, 1.5580475330352783, 1.5625107288360596, 1.5670114755630493, 1.5753484964370728, 1.5838476419448853, 1.5969128608703613, 1.611987590789795, 1.6365904808044434, 1.7039852142333984, 1.1385486125946045, 1.1157596111297607, 1.1005891561508179, 1.0970302820205688, 1.093475103378296, 1.0899242162704468, 1.086251139640808, 1.0899540185928345, 1.0952513217926025, 1.1006337404251099, 1.1061042547225952, 1.1410850286483765, 1.004233956336975, 0.9876354932785034, 0.9718375205993652, 0.9684178233146667, 0.9651691913604736, 0.9619162678718567, 0.9586580395698547, 0.9571651220321655, 0.9629283547401428, 0.9688129425048828, 0.9748251438140869], "PuntosY": [-1.145944595336914, -1.1243168115615845, -1.1121512651443481, -1.1115520000457764, -0.9685059785842896, -0.9445853233337402, -0.9308652281761169, -0.9248684048652649, -0.5290886163711548, -0.5015335083007812, -0.4885043501853943, -0.4756418466567993, -0.46307572722435, -0.45503953099250793, -0.4469408094882965, -0.4387779235839844, -0.43150919675827026, -0.4312645196914673, -0.37247565388679504, -0.3516910970211029, -0.3370276689529419, -0.32522833347320557, -0.3135382831096649, -0.30195391178131104, -0.29292118549346924, -0.2842358648777008, -0.2754523754119873, -0.2691710889339447, -0.23410466313362122, -0.21822984516620636, -0.20371013879776, -2.48473952524364e-09, 0.014634858816862106, 0.028796590864658356, 0.04267483949661255, 0.05632920563220978, 0.0699034109711647, 0.08333005011081696, 0.09671671688556671, 0.11007639765739441, 0.12333212047815323, 0.13674481213092804, 0.15010960400104523, 0.16348090767860413, 0.17706507444381714, 0.1906530112028122, 0.20435971021652222, 0.21835067868232727, 0.2324010133743286, 0.24677051603794098, 0.26147469878196716, 0.27630648016929626, 0.29197371006011963, 0.3078688979148865, 0.3248955011367798, 0.3426385819911957, 0.362823486328125, 0.3933959901332855, 0.31574752926826477, 0.3199390470981598, 0.3260094225406647, 0.335395872592926, 0.3447714149951935, 0.35413795709609985, 0.3634546101093292, 0.3753013014793396, 0.38784894347190857, 0.4005979001522064, 0.41355571150779724, 0.4380214810371399, 0.42627203464508057, 0.42943620681762695, 0.4326900541782379, 0.4413335621356964, 0.45006588101387024, 0.4588107466697693, 0.467568963766098, 0.4772249162197113, 0.4906366169452667, 0.5043321847915649, 0.5183237791061401]}
{"Iteracion": 2, "PuntosX": [1.4192816019058228, 1.4142582416534424, 1.4236514568328857, 1.4451619386672974, 1.54253089427948, 1.5495187044143677, 1.5681521892547607, 1.3301485776901245, 1.3091559410095215, 1.3088265657424927, 1.3084990978240967, 1.3081741333007812, 1.315295934677124, 1.3284777402877808, 1.3418500423431396, 1.4149689674377441, 1.397669792175293, 1.3895587921142578, 1.3893173933029175, 1.3890761137008667, 1.388836145401001, 1.4034533500671387, 1.4188708066940308, 1.7795963287353516, 1.7780615091323853, 1.7878774404525757, 1.6802799701690674, 1.6520357131958008, 1.6315135955810547, 1.6148523092269897, 1.6025824546813965, 1.5915496349334717, 1.5826427936553955, 1.575493574142456, 1.568399429321289, 1.56417715549469, 1.5601176023483276, 1.5564662218093872, 1.5551252365112305, 1.5537840127944946, 1.553192377090454, 1.554568886756897, 1.5559509992599487, 1.5588489770889282, 1.5633087158203125, 1.5678073167800903, 1.576002836227417, 1.5844979286193848, 1.5973665714263916, 1.6121124029159546, 1.6366959810256958, 1.6978867053985596, 1.1399140357971191, 1.117081642150879, 1.1016488075256348, 1.0980839729309082, 1.0945227146148682, 1.0909650325775146, 1.0872877836227417, 1.0909091234207153, 1.0962051153182983, 1.101587176322937, 1.1070568561553955, 1.1418192386627197, 1.0051954984664917, 0.988572359085083, 0.972801685333252, 0.9693766236305237, 0.9661218523979187, 0.9628630876541138, 0.9595990180969238, 0.9581788182258606, 0.9639419913291931, 0.9698265194892883, 0.9758386015892029], "PuntosY": [-1.1493117809295654, -1.124951958656311, -1.1122785806655884, -1.1089117527008057, -0.945264458656311, -0.9310448169708252, -0.9237123727798462, -0.5105962157249451, -0.48947352170944214, -0.4763738512992859, -0.46336376667022705, -0.4504401981830597, -0.44009196758270264, -0.43164870142936707, -0.423083633184433, -0.36593592166900635, -0.34847819805145264, -0.3336035907268524, -0.32074910402297974, -0.3079507648944855, -0.2952061593532562, -0.2855357229709625, -0.275800496339798, -0.23428837954998016, -0.2183183878660202, -0.20370271801948547, 0.01466372236609459, 0.028836430981755257, 0.04272287338972092, 0.056391987949609756, 0.06997048109769821, 0.0834096148610115, 0.09679863601922989, 0.11016926169395447, 0.12343575805425644, 0.13684791326522827, 0.15022242069244385, 0.16359129548072815, 0.17718426883220673, 0.19078074395656586, 0.2044818103313446, 0.21848049759864807, 0.23253847658634186, 0.24689754843711853, 0.2616081237792969, 0.27644678950309753, 0.2920950651168823, 0.3079952597618103, 0.32498791813850403, 0.34266525506973267, 0.3628469407558441, 0.39198803901672363, 0.3161262273788452, 0.32031816244125366, 0.32632336020469666, 0.33571794629096985, 0.34510186314582825, 0.35447603464126587, 0.363801509141922, 0.37563008069992065, 0.388186514377594, 0.40094491839408875, 0.4139116704463959, 0.4383033514022827, 0.42668014764785767, 0.42984357476234436, 0.43311935663223267, 0.4417704939842224, 0.4505101144313812, 0.45926228165626526, 0.46802783012390137, 0.4777302145957947, 0.4911530613899231, 0.5048597455024719, 0.5188625454902649]}
{"Iteracion": 3, "PuntosX": [1.4150949716567993, 1.4239596128463745, 1.4436498880386353, 1.5436571836471558, 1.55000638961792, 1.567228078842163, 1.521155595779419, 1.5086504220962524, 1.4964176416397095, 1.4962507486343384, 1.4986379146575928, 1.5010205507278442, 1.513771891593933, 1.5354151725769043, 1.676201343536377, 1.6273658275604248, 1.6158926486968994, 1.6046375036239624, 1.6049400568008423, 1.6075116395950317, 1.6100828647613525, 1.6278247833251953, 1.7809674739837646, 1.77890145778656, 1.7882574796676636, 1.6830133199691772, 1.6540900468826294, 1.6332662105560303, 1.6165803670883179, 1.6041404008865356, 1.593092441558838, 1.5840708017349243, 1.5769119262695312, 1.5698076486587524, 1.5655028820037842, 1.561436414718628, 1.5577163696289062, 1.5563713312149048, 1.5550267696380615, 1.5543739795684814, 1.555748462677002, 1.5571292638778687, 1.5599685907363892, 1.5644278526306152, 1.5689260959625244, 1.5770586729049683, 1.5855553150177002, 1.598340630531311, 1.612951636314392, 1.6375346183776855, 1.6962233781814575, 1.1411151885986328, 1.1182491779327393, 1.1027026176452637, 1.0991319417953491, 1.0955653190612793, 1.0920023918151855, 1.0883219242095947, 1.0919415950775146, 1.09723961353302, 1.1026228666305542, 1.1080939769744873, 1.142935037612915, 1.0060526132583618, 0.989410400390625, 0.9737758040428162, 0.9703519344329834, 0.9670925140380859, 0.9638286232948303, 0.9605597853660583, 0.9592908620834351, 0.9650558233261108, 0.9709432721138, 0.9769577980041504],