{"TiempoSleep": 0.5, "MaxIteraciones": 50}
{"Iteracion": 1, "PuntosX": [2.9761457443237305, 2.965921401977539, 2.979854106903076, 3.027155876159668, 2.9839234352111816, 2.9690136909484863, 2.9729864597320557, 2.995192527770996], "PuntosY": [-0.28657060861587524, -0.25948455929756165, -0.23451967537403107, -0.21167930960655212, -0.1302812099456787, -0.10368016362190247, -0.07785036414861679, -0.05228154733777046]}
{"Iteracion": 2, "PuntosX": [3.1053009033203125, 3.068666934967041, 3.068910837173462, 3.0837440490722656, 3.1120409965515137, 2.9951865673065186, 2.987818479537964, 2.990732431411743, 3.0162065029144287], "PuntosY": [-0.27167874574661255, -0.24150919914245605, -0.21459899842739105, -0.18860994279384613, -0.16309517621994019, -0.10459420830011368, -0.07823874056339264, -0.05220356211066246, -0.026322253048419952]}
{"Iteracion": 3, "PuntosX": [3.1759111881256104, 3.1632699966430664, 3.1708922386169434, 3.0367119312286377, 3.0226943492889404, 3.026200771331787, 3.0337398052215576, 3.0604848861694336], "PuntosY": [-0.13866347074508667, -0.11046396940946579, -0.08303285390138626, -0.053006093949079514, -0.026378629729151726, -6.713889888487756e-08, 0.026475273072719574, 0.0534210242331028]}
{"Iteracion": 4, "PuntosX": [3.082853078842163, 3.0767033100128174, 3.070608615875244, 3.0808868408203125, 3.09421968460083], "PuntosY": [-0.13460059463977814, -0.10744082927703857, -0.08040682226419449, -0.05377735570073128, -0.027003010734915733]}
{"Iteracion": 5, "PuntosX": [3.186894655227661, 3.1661622524261475, 3.162506103515625, 3.163400650024414, 3.1839468479156494, 3.313936233520508, 3.3318533897399902], "PuntosY": [-0.02781170979142189, -1.1237716535106301e-08, 0.027598880231380463, 0.05521748214960098, 0.08337464183568954, 0.11572512984275818, 0.14547210931777954]}
{"Iteracion": 6, "PuntosX": [3.300405263900757, 3.2682127952575684, 3.25445818901062, 3.258175849914551, 3.384655475616455, 3.3630282878875732, 3.357085704803467, 3.3675479888916016], "PuntosY": [-0.11525256931781769, -0.08558109402656555, -0.056806858628988266, -0.028433823958039284, 0.029537813737988472, 0.05870185047388077, 0.08790850639343262, 0.11759763211011887]}
{"Iteracion": 7, "PuntosX": [3.4270830154418945, 3.3843605518341064, 3.3753554821014404, 3.3976385593414307, 3.424978733062744, 3.404479742050171, 3.407388687133789, 3.4775350093841553], "PuntosY": [-0.17960594594478607, -0.14776426553726196, -0.11787009239196777, -0.08897019922733307, 7.767084753140807e-08, 0.029710441827774048, 0.05947618931531906, 0.09106249362230301]}
{"Iteracion": 8, "PuntosX": [2.5116119384765625, 2.484780788421631, 2.4857616424560547, 2.4891860485076904, 2.5143072605133057, 2.4354310035705566, 2.425424337387085, 2.428666114807129, 2.443173408508301, 2.473623514175415], "PuntosY": [-0.08770737797021866, -0.06506624817848206, -0.0433892123401165, -0.02172299474477768, -4.375033313408494e-08, 0.08504714071750641, 0.10589636862277985, 0.12728102505207062, 0.1494307518005371, 0.17297250032424927]}
{"Iteracion": 9, "PuntosX": [2.5905025005340576, 2.5824220180511475, 2.5828211307525635, 2.592933177947998, 2.6094038486480713, 2.4636571407318115, 2.4559288024902344, 2.452815055847168, 2.4624712467193604, 2.4722137451171875, 2.510471820831299], "PuntosY": [-0.022606877610087395, 9.909126674756408e-08, 0.022540206089615822, 0.04525993764400482, 0.06832969188690186, 0.0860329270362854, 0.10722832381725311, 0.1285468190908432, 0.15061120688915253, 0.17287395894527435, 0.19757843017578125]}
{"Iteracion": 10, "PuntosX": [2.685993194580078, 2.6691946983337402, 2.5198161602020264, 2.5039148330688477, 2.501999616622925, 2.500084400177002, 2.510324239730835, 2.523261547088623], "PuntosY": [0.11727312207221985, 0.13988661766052246, 0.15411832928657532, 0.17509067058563232, 0.19691161811351776, 0.21872909367084503, 0.2417169213294983, 0.2652055323123932]}
{"Iteracion": 11, "PuntosX": [2.597066640853882, 2.5825109481811523, 2.5712392330169678, 2.571314573287964, 2.57138991355896, 2.5893781185150146, 2.7435319423675537], "PuntosY": [0.13610662519931793, 0.15795303881168365, 0.1797984093427658, 0.20236676931381226, 0.22496731579303741, 0.2493288218975067, 0.2883567810058594]}
{"Iteracion": 12, "PuntosX": [2.7069685459136963, 2.6844263076782227, 2.6722893714904785, 2.668107032775879, 2.6747419834136963, 2.8085145950317383, 2.796118974685669, 2.785738706588745, 2.7929890155792236], "PuntosY": [0.2368289679288864, 0.2584809958934784, 0.28086909651756287, 0.30399230122566223, 0.328417032957077, 0.36974820494651794, 0.3929687440395355, 0.4163312315940857, 0.4423661231994629]}
{"Iteracion": 13, "PuntosX": [2.7855303287506104, 2.76153302192688, 2.7558541297912598, 2.7664904594421387, 2.8421237468719482, 2.811008930206299, 2.8052480220794678, 2.8062117099761963], "PuntosY": [0.268216073513031, 0.2902490198612213, 0.3139898180961609, 0.339682400226593, 0.42475825548171997, 0.44522008299827576, 0.46943747997283936, 0.49481087923049927]}
{"Iteracion": 14, "PuntosX": [2.9207961559295654, 2.865659236907959, 2.853756904602051, 2.861586570739746, 2.9013752937316895, 2.844158172607422, 2.8243203163146973, 2.819298028945923, 2.8275208473205566], "PuntosY": [0.2555365264415741, 0.27593159675598145, 0.2999419867992401, 0.32603639364242554, 0.35624411702156067, 0.4250623881816864, 0.4473285377025604, 0.4717886745929718, 0.49856799840927124]}
{"Iteracion": 15, "PuntosX": [2.981869697570801, 2.966771125793457, 2.9632740020751953, 2.981099843978882, 3.0307343006134033, 2.896212577819824, 2.858393430709839, 2.8533143997192383, 2.8596386909484863, 2.878093957901001], "PuntosY": [0.3397410809993744, 0.3642735481262207, 0.39012280106544495, 0.4189663827419281, 0.45294618606567383, 0.4587151110172272, 0.4783310294151306, 0.5031163096427917, 0.5300028324127197, 0.5594449043273926]}
{"Iteracion": 16, "PuntosX": [3.0952746868133545, 3.0742387771606445, 3.0671589374542236, 3.0686378479003906, 2.917727470397949, 2.9081220626831055, 2.909707546234131, 2.9193572998046875, 2.9432225227355957], "PuntosY": [0.4075007438659668, 0.43205615878105164, 0.45838990807533264, 0.4860244691371918, 0.4882601797580719, 0.5127803087234497, 0.5392826795578003, 0.5674656629562378, 0.5988054275512695]}
{"Iteracion": 17, "PuntosX": [3.0082335472106934, 2.977957010269165, 2.966221332550049, 2.962951183319092, 2.967038154602051, 2.990257501602173], "PuntosY": [0.31617823243141174, 0.339295357465744, 0.3642062544822693, 0.3900802731513977, 0.4169902205467224, 0.4468969702720642]}
{"Iteracion": 18, "PuntosX": [3.092602014541626, 3.065739393234253, 3.056295394897461, 3.051608085632324, 3.0644357204437256, 3.1904916763305664, 3.188723564147949], "PuntosY": [0.37972402572631836, 0.40361255407333374, 0.4295346140861511, 0.45606595277786255, 0.4853590726852417, 0.5339053273200989, 0.5622581839561462]}
{"Iteracion": 19, "PuntosX": [3.244276523590088, 3.188138484954834, 3.1658291816711426, 3.1633944511413574, 3.1913113594055176, 3.3136653900146484, 3.259277105331421, 3.2357916831970215, 3.2331011295318604, 3.2645838260650635], "PuntosY": [0.3409874737262726, 0.3632424771785736, 0.3887151777744293, 0.41646909713745117, 0.44850969314575195, 0.49523061513900757, 0.5162191987037659, 0.5414857268333435, 0.5700829029083252, 0.6050551533699036]}
{"Iteracion": 20, "PuntosX": [3.2799696922302246, 3.2573201656341553, 3.257128953933716, 3.289032459259033, 3.2609689235687256, 3.243090867996216, 3.245990753173828, 3.295872688293457], "PuntosY": [0.25813910365104675, 0.2849787175655365, 0.3136261999607086, 0.34569141268730164, 0.4293147921562195, 0.4557865560054779, 0.48511654138565063, 0.5220149755477905]}
{"Iteracion": 21, "PuntosX": [3.386185884475708, 3.384370803833008, 3.4021522998809814, 3.294769763946533, 3.292806386947632, 3.3055896759033203, 3.3781933784484863], "PuntosY": [0.29625290632247925, 0.3258780539035797, 0.3575805127620697, 0.43376481533050537, 0.4627735912799835, 0.4940233528614044, 0.5350531339645386]}
{"Iteracion": 22,