{"TiempoSleep": 0.5, "MaxIteraciones": 50}
{"Iteracion": 1, "PuntosX": [3.0344934463500977, 3.0184991359710693, 3.025608777999878, 3.05204701423645, 3.0584053993225098, 3.0251803398132324, 3.0199735164642334, 3.034757614135742], "PuntosY": [-0.2921886742115021, -0.26408448815345764, -0.23812051117420197, -0.2134198695421219, -0.13353310525417328, -0.10564141720533371, -0.079080730676651, -0.052972108125686646]}
{"Iteracion": 2, "PuntosX": [3.1787657737731934, 3.163461446762085, 3.1670196056365967, 3.1913888454437256, 3.249837636947632, 3.0967893600463867, 3.0823934078216553, 3.0841283798217773, 3.1088664531707764, 3.1692209243774414], "PuntosY": [-0.47506949305534363, -0.4445953667163849, -0.4169461727142334, -0.3918531537055969, -0.37027212977409363, -0.325485497713089, -0.29680097103118896, -0.2698260545730591, -0.24467280507087708, -0.2216133177280426]}
{"Iteracion": 3, "PuntosX": [3.2627689838409424, 3.2600340843200684, 3.1294949054718018, 3.113961696624756, 3.120187520980835, 3.1277897357940674, 3.155675172805786], "PuntosY": [-0.45855212211608887, -0.4291917681694031, -0.3842533826828003, -0.35479089617729187, -0.327944815158844, -0.3011718690395355, -0.27608561515808105]}
{"Iteracion": 4, "PuntosX": [3.2342402935028076, 3.1987416744232178, 3.1920549869537354, 3.1951324939727783, 3.2055513858795166, 3.240384101867676], "PuntosY": [-0.5122534036636353, -0.47805488109588623, -0.448614239692688, -0.42064735293388367, -0.3935921788215637, -0.3691951036453247]}
{"Iteracion": 5, "PuntosX": [3.2789859771728516, 3.2653236389160156, 3.261388063430786, 3.2748429775238037, 3.4195783138275146, 3.4152984619140625, 3.4299333095550537], "PuntosY": [-0.4900473654270172, -0.45891115069389343, -0.42937007546424866, -0.4021001160144806, -0.3896113634109497, -0.35896244645118713, -0.33026522397994995]}
{"Iteracion": 6, "PuntosX": [3.3485560417175293, 3.3254401683807373, 3.3292272090911865, 3.3575971126556396, 3.448322057723999, 3.427246332168579, 3.4309439659118652, 3.467660427093506], "PuntosY": [-0.5004450082778931, -0.46736013889312744, -0.4383014440536499, -0.412261039018631, -0.3624335527420044, -0.33000648021698, -0.3001686632633209, -0.2729104459285736]}
{"Iteracion": 7, "PuntosX": [2.5155715942382812, 2.4647090435028076, 2.455024003982544, 2.466996192932129, 2.4834916591644287, 2.49851393699646, 2.4854958057403564, 2.480863332748413, 2.4959871768951416, 2.534489154815674], "PuntosY": [-0.6272025108337402, -0.5917242765426636, -0.5667866468429565, -0.5469198226928711, -0.5278825163841248, -0.44055530428886414, -0.4159291088581085, -0.392930269241333, -0.3730276823043823, -0.3561989963054657]}
{"Iteracion": 8, "PuntosX": [2.6081409454345703, 2.5962843894958496, 2.5998902320861816, 2.6179027557373047, 2.6428282260894775, 2.5591673851013184, 2.535937786102295, 2.5392823219299316, 2.548598527908325, 2.5735976696014404], "PuntosY": [-0.5782111287117004, -0.5518572926521301, -0.5289533734321594, -0.5088688135147095, -0.48981958627700806, -0.4282575845718384, -0.40165308117866516, -0.3794982135295868, -0.35818204283714294, -0.3388207256793976]}
{"Iteracion": 9, "PuntosX": [2.7182765007019043, 2.7089128494262695, 2.7099103927612305, 2.719989776611328, 2.5882179737091064, 2.5793402194976807, 2.5831799507141113, 2.5926783084869385, 2.609304904937744, 2.64030385017395], "PuntosY": [-0.5038027167320251, -0.47765424847602844, -0.4534832239151001, -0.43080422282218933, -0.3868117332458496, -0.36250248551368713, -0.3400822579860687, -0.31834056973457336, -0.2972926199436188, -0.27750706672668457]}
{"Iteracion": 10, "PuntosX": [2.8549015522003174, 2.662675380706787, 2.6565206050872803, 2.654388666152954, 2.660338878631592, 2.6724369525909424, 2.6987228393554688], "PuntosY": [-0.5291248559951782, -0.46950140595436096, -0.4445490837097168, -0.42041411995887756, -0.39759036898612976, -0.37558647990226746, -0.3552938997745514]}
{"Iteracion": 11, "PuntosX": [2.758702039718628, 2.744452714920044, 2.744520425796509, 2.7455525398254395, 2.765688896179199, 2.9070191383361816, 2.9072554111480713, 2.928046703338623], "PuntosY": [-0.6368964314460754, -0.608430802822113, -0.5833661556243896, -0.5585890412330627, -0.5375956892967224, -0.5387844443321228, -0.5126275420188904, -0.4899870753288269]}
{"Iteracion": 12, "PuntosX": [2.888206958770752, 2.8548436164855957, 2.843914747238159, 2.850625991821289, 2.878685712814331, 2.9832699298858643, 2.9668350219726562, 2.9668591022491455, 2.9739556312561035], "PuntosY": [-0.800970733165741, -0.7649531364440918, -0.7354863286018372, -0.710740864276886, -0.6911114454269409, -0.661375105381012, -0.6306204795837402, -0.6036140322685242, -0.57807856798172]}
{"Iteracion": 13, "PuntosX": [2.977522134780884, 2.937133550643921, 2.9304516315460205, 2.9524519443511963, 2.987131357192993, 2.980482816696167, 2.9917149543762207, 3.0390255451202393], "PuntosY": [-0.8257396817207336, -0.787002682685852, -0.7578665614128113, -0.7361289262771606, -0.6349344849586487, -0.606386125087738, -0.5815305709838867, -0.5632501244544983]}
{"Iteracion": 14, "PuntosX": [3.035011053085327, 3.039767265319824, 3.0550568103790283, 3.090216636657715, 3.0188534259796143, 2.998033046722412, 3.0059006214141846, 3.029902696609497], "PuntosY": [-0.7849075794219971, -0.7578991651535034, -0.7334545850753784, -0.7134325504302979, -0.6416774392127991, -0.609956681728363, -0.5842881202697754, -0.5615593791007996]}
{"Iteracion": 15, "PuntosX": [3.131757974624634, 3.1325626373291016, 3.1481423377990723, 3.02378249168396, 3.0178136825561523, 3.0272960662841797, 3.0426025390625, 3.0797512531280518], "PuntosY": [-0.8099279999732971, -0.7810356616973877, -0.7558019161224365, -0.6980952620506287, -0.6690335273742676, -0.6434717178344727, -0.6190242171287537, -0.5986431837081909]}
{"Iteracion": 16, "PuntosX": [3.2716119289398193, 3.109250783920288, 3.0933611392974854, 3.0950067043304443, 3.103534698486328, 3.1223530769348145], "PuntosY": [-0.6954026818275452, -0.6325842142105103, -0.6012885570526123, -0.5736256837844849, -0.5472368001937866, -0.5225025415420532]}
{"Iteracion": 17, "PuntosX": [3.20491361618042, 3.175023317337036, 3.1677753925323486, 3.1720433235168457, 3.1878175735473633, 3.3392157554626465, 3.3548693656921387], "PuntosY": [-0.8288474678993225, -0.7916222810745239, -0.7605158686637878, -0.7323237657546997, -0.7067221403121948, -0.709772527217865, -0.6825557351112366]}
{"Iteracion": 18, "PuntosX": [2.4713473320007324, 2.432041645050049, 2.421785354614258, 2.424579620361328, 2.4336225986480713, 2.4703681468963623, 2.6084702014923096, 2.5683388710021973, 2.55792236328125, 2.5590298175811768, 2.5683131217956543, 2.609443187713623], "PuntosY": [-0.9734891653060913, -0.933573305606842, -0.9054685831069946, -0.8824748992919922, -0.8617907762527466, -0.8506154417991638, -0.8727819323539734, -0.8345037698745728, -0.8065094947814941, -0.7823737263679504, -0.7607690095901489, -0.7482460141181946]}
{"Iteracion": 19, "PuntosX": [2.53423810005188, 2.5235776901245117, 2.524171829223633, 2.546998977661133, 2.6075496673583984, 2.5936474800109863, 2.591230869293213, 2.614616632461548], "PuntosY": [-0.9982626438140869, -0.9687105417251587, -0.9437492489814758, -0.9270314574241638, -0.8472442030906677, -0.8177738785743713, -0.7922186851501465, -0.7744847536087036]}
{"Iteracion": 20, "PuntosX": [2.637752056121826, 2.639157772064209, 2.6496667861938477, 2.6825003623962402, 2.631951093673706, 2.6229188442230225, 2.6330819129943848, 2.6573715209960938, 2.727250337600708], "PuntosY": [-1.0390374660491943, -1.0130776166915894, -0.9906700849533081, -0.9763502478599548, -0.880638599395752, -0.8522379994392395, -0.8302074074745178, -0.8124397993087769, -0.8078483939170837]}
{"Iteracion": 21, "PuntosX": [2.7545740604400635, 2.752725124359131, 2.7615675926208496, 2.779313802719116, 2.6618504524230957, 2.6599395275115967, 2.675150156021118, 2.692110538482666, 2.7274482250213623],