{"TiempoSleep": 0.5, "MaxIteraciones": 50}
{"Iteracion": 1, "PuntosX": [3.243004083633423, 3.23783278465271, 3.252969980239868, 3.286952495574951, 3.2425637245178223, 3.2387468814849854, 3.2544286251068115], "PuntosY": [-0.369493693113327, -0.34031015634536743, -0.3132254481315613, -0.22984576225280762, -0.19832362234592438, -0.16973529756069183, -0.1420915722846985]}
{"Iteracion": 2, "PuntosX": [3.274693489074707, 3.267078161239624, 3.2790820598602295, 3.314915657043457, 3.2545430660247803, 3.2523608207702637, 3.2687571048736572], "PuntosY": [-0.3731039762496948, -0.34338393807411194, -0.3157396912574768, -0.2318013459444046, -0.19905591011047363, -0.17044880986213684, -0.14271706342697144]}
{"Iteracion": 3, "PuntosX": [2.956000566482544, 2.933349847793579, 2.9350900650024414, 2.9477832317352295, 2.9118881225585938, 2.8971190452575684, 2.9055826663970947, 2.939772129058838], "PuntosY": [-0.05159730464220047, -0.02559894137084484, -1.858643372543156e-08, 0.025725113227963448, 0.12713603675365448, 0.1518317461013794, 0.17771317064762115, 0.20556898415088654]}
{"Iteracion": 4, "PuntosX": [2.915753126144409, 2.8989264965057373, 2.904261350631714, 2.927253007888794, 2.8738203048706055, 2.847304105758667, 2.8527395725250244, 2.8657548427581787, 2.902883529663086], "PuntosY": [-0.2550952434539795, -0.22815023362636566, -0.2030857652425766, -0.1790383756160736, -0.1003561019897461, -0.07455921918153763, -0.04979511722922325, -0.025009052827954292, -1.0491203283891082e-07]}
{"Iteracion": 5, "PuntosX": [3.243065357208252, 3.213484287261963, 3.216564893722534, 3.2383036613464355, 3.1564197540283203, 3.149320602416992, 3.1557462215423584, 3.1889219284057617], "PuntosY": [-0.2552345097064972, -0.22470852732658386, -0.19673340022563934, -0.1697123497724533, -0.08265390247106552, -0.05497173219919205, -0.02753995545208454, -1.762964529916644e-08]}
{"Iteracion": 6, "PuntosX": [3.0191900730133057, 2.9875338077545166, 2.9877893924713135, 3.00059175491333, 3.0578479766845703, 2.93843150138855, 2.906482458114624, 2.906898021697998, 2.917074203491211], "PuntosY": [0.2641453146934509, 0.28766709566116333, 0.3140295743942261, 0.3418743312358856, 0.3754565119743347, 0.412969708442688, 0.4343767464160919, 0.4604077935218811, 0.48815086483955383]}
{"Iteracion": 7, "PuntosX": [2.9879965782165527, 2.9840633869171143, 2.9878084659576416, 3.011094331741333, 2.9264347553253174, 2.890535831451416, 2.88838791847229, 2.8956010341644287, 2.9200100898742676], "PuntosY": [0.28771165013313293, 0.3136378824710846, 0.3404175341129303, 0.36971592903137207, 0.4112834632396698, 0.4319932758808136, 0.4574759006500244, 0.48455747961997986, 0.5148763656616211]}
{"Iteracion": 8, "PuntosX": [3.2640113830566406, 3.255467414855957, 3.2602736949920654, 3.282857656478882, 3.165992259979248, 3.147857189178467, 3.1454994678497314, 3.168405055999756], "PuntosY": [0.6049489378929138, 0.6327987313270569, 0.6633099913597107, 0.6977931261062622, 0.7309268712997437, 0.7557334303855896, 0.7842611074447632, 0.8194054961204529]}
{"Iteracion": 9, "PuntosX": [3.0194666385650635, 3.0117197036743164, 3.013122320175171, 3.0273280143737793, 3.0699353218078613, 2.897773265838623, 2.8905344009399414, 2.8910465240478516, 2.9053823947906494, 2.948561668395996], "PuntosY": [0.211141437292099, 0.23702731728553772, 0.26361408829689026, 0.2914987802505493, 0.3226635456085205, 0.33015957474708557, 0.3549131155014038, 0.38061386346817017, 0.4083249568939209, 0.4406653940677643]}
{"Iteracion": 10, "PuntosX": [3.130298614501953, 3.1194684505462646, 3.123753070831299, 3.1353964805603027, 3.029447078704834, 2.993828773498535, 2.9836738109588623, 2.9947328567504883, 3.0163397789001465], "PuntosY": [0.43993479013442993, 0.4662076234817505, 0.49475398659706116, 0.524685263633728, 0.5341732501983643, 0.554873526096344, 0.5799674987792969, 0.609285295009613, 0.6411429047584534]}
{"Iteracion": 11, "PuntosX": [3.4236409664154053, 3.3690860271453857, 3.3610174655914307, 3.3697876930236816, 3.2573745250701904, 3.225322723388672, 3.2189035415649414, 3.227725028991699, 3.258986234664917], "PuntosY": [0.48116132616996765, 0.5035130977630615, 0.5323329567909241, 0.5639090538024902, 0.5743629336357117, 0.5977784991264343, 0.6256914138793945, 0.6566880941390991, 0.6927188634872437]}
{"Iteracion": 12, "PuntosX": [3.148705244064331, 3.1427159309387207, 3.1475555896759033, 3.003218412399292, 2.9899325370788574, 2.994757652282715, 3.002236843109131, 3.0317041873931885], "PuntosY": [0.22017881274223328, 0.24733689427375793, 0.275375634431839, 0.28917717933654785, 0.3142548203468323, 0.3412095308303833, 0.36862853169441223, 0.3991316556930542]}
{"Iteracion": 13, "PuntosX": [3.4592514038085938, 3.4340951442718506, 3.3022632598876953, 3.2788989543914795, 3.2770285606384277, 3.2792460918426514, 3.300231695175171], "PuntosY": [-0.060381438583135605, -0.029968924820423126, -2.1776941139250994e-08, 0.02861471101641655, 0.05720074102282524, 0.08586999773979187, 0.11524669080972672]}
{"Iteracion": 14, "PuntosX": [3.504681348800659, 3.3539323806762695, 3.3374686241149902, 3.3368051052093506, 3.346472978591919, 3.3653271198272705], "PuntosY": [-0.0917731299996376, -0.05854300037026405, -0.02912568859755993, 1.665139279793948e-07, 0.02920451946556568, 0.058742206543684006]}
{"Iteracion": 15, "PuntosX": [2.895021915435791, 2.8753058910369873, 2.8721485137939453, 2.8739078044891357, 2.886223554611206, 2.9119327068328857], "PuntosY": [-0.3042791485786438, -0.2768603265285492, -0.2512802481651306, -0.226181298494339, -0.20182400941848755, -0.17810124158859253]}
{"Iteracion": 16, "PuntosX": [3.1121230125427246, 2.915208578109741, 2.901658773422241, 2.8959221839904785, 2.8997323513031006, 2.9095606803894043, 2.9462478160858154], "PuntosY": [-0.08149360120296478, -0.05088534578680992, -0.02532237581908703, 1.9786966731771827e-08, 0.025305792689323425, 0.050786688923835754, 0.07715027034282684]}
{"Iteracion": 17, "PuntosX": [3.1669414043426514, 3.139841318130493, 3.1308236122131348, 3.1313183307647705, 3.1390254497528076, 3.176638603210449], "PuntosY": [0.13827204704284668, 0.16455237567424774, 0.19148948788642883, 0.21896322071552277, 0.2470466047525406, 0.27792003750801086]}
{"Iteracion": 18, "PuntosX": [2.9910526275634766, 2.9735782146453857, 2.9624247550964355, 2.963495969772339, 2.9681661128997803], "PuntosY": [0.44701555371284485, 0.4709683954715729, 0.495739609003067, 0.5225441455841064, 0.5501172542572021]}
{"Iteracion": 19, "PuntosX": [3.0323216915130615, 3.008410930633545, 2.9940738677978516, 2.993886709213257, 2.9957103729248047, 3.023897647857666], "PuntosY": [0.3187101185321808, 0.342765212059021, 0.36762601137161255, 0.3941528797149658, 0.42101970314979553, 0.4519246518611908]}
{"Iteracion": 20, "PuntosX": [3.2361724376678467, 3.216242790222168, 3.2081358432769775, 3.207233190536499, 3.223281145095825, 3.3680899143218994, 3.3958778381347656], "PuntosY": [0.056487735360860825, 0.08422039449214935, 0.11203070729970932, 0.14003117382526398, 0.16892531514167786, 0.20600108802318573, 0.23746292293071747]}
{"Iteracion": 21, "PuntosX": [3.1719601154327393, 3.1127755641937256, 3.0960729122161865, 3.0924839973449707, 3.095917224884033, 3.116133451461792, 3.2440414428710938, 3.264186143875122], "PuntosY": [-0.027681253850460052, 4.588946467265487e-08, 0.027019077911973, 0.0539795383810997, 0.08106935024261475, 0.10881774872541428, 0.14163801074028015, 0.17106886208057404]}
{"Iteracion": 22, "PuntosX": [3.030510187149048, 3.0014195442199707, 2.991680383682251, 2.9855008125305176, 2.9957189559936523, 3.139030694961548, 3.132401466369629, 3.140878438949585], "PuntosY": [-0.07935657352209091, -0.052390147000551224, -0.026107987388968468, 4.241155693307519e-08, 0.026143383234739304, 0.054792001843452454, 0.0820249542593956, 0.1096821203827858]}
{"Iteracion": 23, "PuntosX": [3.016843318939209, 2.9841973781585693, 2.972055673599243, 2.9632678031921387, 2.9710588455200195, 3.112233877182007, 3.102891683578491, 3.1048099994659424],