{"TiempoSleep": 0.5, "MaxIteraciones": 50}
{"Iteracion": 1, "PuntosX": [2.9475464820861816, 2.9323601722717285, 2.9453349113464355, 2.982388496398926, 2.9663209915161133, 2.941823959350586, 2.937173366546631, 2.951781749725342], "PuntosY": [-0.20611236989498138, -0.17935070395469666, -0.15435852110385895, -0.13021385669708252, -0.05177745968103409, -0.02567305974662304, -9.147333912551403e-08, 0.025760017335414886]}
{"Iteracion": 2, "PuntosX": [3.0476958751678467, 3.0479485988616943, 3.063248872756958, 3.0876667499542236, 2.9665796756744385, 2.966987371444702, 2.9756972789764404, 2.99975323677063], "PuntosY": [-0.428325891494751, -0.40127038955688477, -0.37611955404281616, -0.3517950475215912, -0.2856493890285492, -0.25957778096199036, -0.23419222235679626, -0.20976310968399048]}
{"Iteracion": 3, "PuntosX": [3.1920478343963623, 3.175224542617798, 3.1785800457000732, 3.0408310890197754, 3.0322086811065674, 3.039612054824829, 3.051856517791748, 3.079993486404419], "PuntosY": [-0.5628439784049988, -0.5313501358032227, -0.5034375190734863, -0.45445510745048523, -0.42614907026290894, -0.4001723825931549, -0.3747207224369049, -0.3509206473827362]}
{"Iteracion": 4, "PuntosX": [3.113692045211792, 3.1069700717926025, 3.105792760848999, 3.115913152694702, 3.13785719871521, 3.3254475593566895], "PuntosY": [-0.661835789680481, -0.6321201920509338, -0.6037047505378723, -0.5775006413459778, -0.5532886981964111, -0.5564888715744019]}
{"Iteracion": 5, "PuntosX": [3.218242645263672, 3.192857027053833, 3.1888198852539062, 3.1955490112304688, 3.220255136489868, 3.344876289367676, 3.3407766819000244, 3.3599250316619873], "PuntosY": [-0.8322941064834595, -0.7960687875747681, -0.7655680775642395, -0.7377506494522095, -0.7139135599136353, -0.7109755873680115, -0.679688572883606, -0.6531032919883728]}
{"Iteracion": 6, "PuntosX": [3.2869935035705566, 3.2725565433502197, 3.2764294147491455, 3.317148208618164, 3.393885374069214, 3.373223304748535, 3.3769683837890625, 3.412799835205078], "PuntosY": [-0.9115639328956604, -0.8768789768218994, -0.8473424911499023, -0.8270578980445862, -0.7835401296615601, -0.7478253841400146, -0.7177968621253967, -0.6943415403366089]}
{"Iteracion": 7, "PuntosX": [2.466831684112549, 2.451833724975586, 2.456498384475708, 2.471230983734131, 2.509035348892212, 2.496457815170288, 2.4769742488861084, 2.478955030441284, 2.4935951232910156, 2.530184745788574], "PuntosY": [-1.098304271697998, -1.0660876035690308, -1.0427216291427612, -1.0236178636550903, -1.0137163400650024, -0.9333876371383667, -0.9015445709228516, -0.8778436183929443, -0.858613133430481, -0.8465878963470459]}
{"Iteracion": 8, "PuntosX": [2.5567822456359863, 2.560519218444824, 2.5698976516723633, 2.5928235054016113, 2.6324656009674072, 2.521754264831543, 2.498767375946045, 2.5021936893463135, 2.5143702030181885, 2.5371129512786865, 2.587815761566162], "PuntosY": [-0.8803704380989075, -0.8567379117012024, -0.835010290145874, -0.8175138831138611, -0.8048254251480103, -0.7469775080680847, -0.7165101766586304, -0.6939195990562439, -0.6737236380577087, -0.6561423540115356, -0.6452149152755737]}
{"Iteracion": 9, "PuntosX": [2.6946609020233154, 2.6966123580932617, 2.5720348358154297, 2.563471794128418, 2.572998523712158, 2.5825412273406982, 2.6048707962036133, 2.6313068866729736], "PuntosY": [-1.0074926614761353, -0.9814866185188293, -0.9108051657676697, -0.8826737403869629, -0.8609133362770081, -0.8391185998916626, -0.8213124871253967, -0.8044711947441101]}
{"Iteracion": 10, "PuntosX": [2.625317335128784, 2.6230673789978027, 2.6212472915649414, 2.633099317550659, 2.6449475288391113, 2.680500030517578], "PuntosY": [-0.8026399612426758, -0.7769880890846252, -0.7516304850578308, -0.7302232384681702, -0.7087115049362183, -0.6932246685028076]}
{"Iteracion": 11, "PuntosX": [2.747296094894409, 2.7282514572143555, 2.7283692359924316, 2.7284531593322754, 2.7446842193603516, 2.8907179832458496, 2.89097261428833, 2.905639886856079], "PuntosY": [-0.6595671772956848, -0.6298660635948181, -0.6048648357391357, -0.5799505710601807, -0.5584121942520142, -0.5618985891342163, -0.5358099937438965, -0.512342631816864]}
{"Iteracion": 12, "PuntosX": [2.854627847671509, 2.8395891189575195, 2.834386110305786, 2.8409969806671143, 2.8842062950134277, 2.9796981811523438, 2.962913990020752, 2.952479124069214, 2.959545135498047, 2.998063564300537], "PuntosY": [-0.45212864875793457, -0.42437925934791565, -0.39834707975387573, -0.3740244507789612, -0.35413581132888794, -0.33949339389801025, -0.3114149272441864, -0.2842913269996643, -0.2589266002178192, -0.23595251142978668]}
{"Iteracion": 13, "PuntosX": [2.9244096279144287, 2.9177591800689697, 2.9254467487335205, 2.9556381702423096, 2.992246389389038, 2.9684176445007324, 2.962292194366455, 2.986151695251465], "PuntosY": [-0.594977855682373, -0.5671551823616028, -0.5421998500823975, -0.5211589336395264, -0.44719427824020386, -0.4171840250492096, -0.3899935781955719, -0.36665335297584534]}
{"Iteracion": 14, "PuntosX": [3.0280117988586426, 3.0192534923553467, 3.027024030685425, 3.0604922771453857, 2.9884867668151855, 2.983614206314087, 2.9914491176605225, 3.028783082962036], "PuntosY": [-0.6160559058189392, -0.5868834257125854, -0.5610259771347046, -0.5396471619606018, -0.44663190841674805, -0.41931959986686707, -0.3938317894935608, -0.37188756465911865]}
{"Iteracion": 15, "PuntosX": [3.114886999130249, 3.1100895404815674, 3.1259443759918213, 3.1491613388061523, 3.0049703121185303, 2.999443292617798, 3.010394334793091, 3.02620792388916, 3.0740928649902344], "PuntosY": [-0.4377689063549042, -0.40945130586624146, -0.3838179111480713, -0.3588015139102936, -0.31583505868911743, -0.2888134717941284, -0.26337525248527527, -0.23816777765750885, -0.21496133506298065]}
{"Iteracion": 16, "PuntosX": [3.2313687801361084, 3.0786209106445312, 3.0523083209991455, 3.053766965866089, 3.055386543273926, 3.073056936264038, 3.1057190895080566], "PuntosY": [-0.5117983818054199, -0.46010270714759827, -0.4289740324020386, -0.40203624963760376, -0.3751542568206787, -0.35013046860694885, -0.3264244794845581]}
{"Iteracion": 17, "PuntosX": [3.162736654281616, 3.11348295211792, 3.0997776985168457, 3.1020853519439697, 3.1061859130859375, 3.1342248916625977, 3.289724826812744], "PuntosY": [-0.4163822829723358, -0.38228750228881836, -0.3531748652458191, -0.3260422945022583, -0.29909172654151917, -0.2742089629173279, -0.25890666246414185]}
{"Iteracion": 18, "PuntosX": [3.2049458026885986, 3.192845106124878, 3.1854841709136963, 3.1974294185638428, 3.337000846862793, 3.326031446456909, 3.3233444690704346, 3.335747480392456], "PuntosY": [-0.2522345781326294, -0.2232653796672821, -0.19483250379562378, -0.16757041215896606, -0.14569659531116486, -0.11614765971899033, -0.08702481538057327, -0.058225926011800766]}
{"Iteracion": 19, "PuntosX": [3.3016717433929443, 3.2695791721343994, 3.267051935195923, 3.286731719970703, 3.3515031337738037, 3.338034152984619, 3.341021776199341], "PuntosY": [-0.31791508197784424, -0.2860511243343353, -0.25712230801582336, -0.2298305183649063, -0.14632977545261383, -0.11656678467988968, -0.0874878540635109]}
{"Iteracion": 20, "PuntosX": [3.3798677921295166, 3.359736204147339, 3.369791269302368, 3.412560224533081, 3.3617875576019287, 3.3471732139587402, 3.3608477115631104], "PuntosY": [-0.14756830036640167, -0.11732464283704758, -0.08824092894792557, -0.05956663936376572, 0.029338127002120018, 0.05842532217502594, 0.08800681680440903]}
{"Iteracion": 21, "PuntosX": [2.5689303874969482, 2.5301804542541504, 2.5288197994232178, 2.532593011856079, 2.550316572189331, 2.579846143722534, 2.4388463497161865, 2.437412977218628, 2.4359047412872314, 2.452735424041748, 2.470461845397949], "PuntosY": [-0.2700056731700897, -0.24362902343273163, -0.22124327719211578, -0.19931933283805847, -0.1783355176448822, -0.15779012441635132, -0.10648249834775925, -0.08511651307344437, -0.06378640234470367, -0.042812835425138474, -0.02155962958931923]}
{"Iteracion": 22,