{"TiempoSleep": 0.5, "MaxIteraciones": 50}
{"Iteracion": 1, "PuntosX": [1.0434916019439697, 1.0376323461532593, 1.036211371421814, 1.038189172744751, 1.0447511672973633, 1.0480629205703735, 1.038780927658081, 1.0349198579788208, 1.0345433950424194, 1.0382106304168701], "PuntosY": [-0.0638226643204689, -0.05437999963760376, -0.04524203762412071, -0.03625434264540672, -0.027357742190361023, 0.15663406252861023, 0.16452673077583313, 0.17318610846996307, 0.1824178248643875, 0.19242100417613983]}
{"Iteracion": 2, "PuntosX": [1.169838309288025, 1.1644436120986938, 1.1647391319274902, 1.1694872379302979, 1.1823525428771973, 1.0662622451782227, 1.0572259426116943, 1.0544955730438232, 1.0553423166275024, 1.0603302717208862], "PuntosY": [-0.23800626397132874, -0.22634485363960266, -0.2158716320991516, -0.20621205866336823, -0.19785787165164948, -0.04655403643846512, -0.036919090896844864, -0.027612917125225067, -0.018421083688735962, -0.009253350086510181]}
{"Iteracion": 3, "PuntosX": [1.2789058685302734, 1.2725348472595215, 1.2728852033615112, 1.2785676717758179, 1.087594747543335, 1.0824750661849976, 1.0818352699279785, 1.0849655866622925, 1.0946153402328491], "PuntosY": [-0.1683713048696518, -0.15624770522117615, -0.14502686262130737, -0.13438303768634796, -0.04748548939824104, -0.03780091926455498, -0.02832893282175064, -0.018938256427645683, -0.009552606381475925]}
{"Iteracion": 4, "PuntosX": [1.1635693311691284, 1.1588319540023804, 1.1589936017990112, 1.163673996925354, 1.1814125776290894], "PuntosY": [-0.0915747582912445, -0.08103325963020325, -0.0708869993686676, -0.06098557636141777, -0.05158163234591484]}
{"Iteracion": 5, "PuntosX": [1.2397089004516602, 1.2341512441635132, 1.2357184886932373, 1.2426283359527588, 1.4419468641281128, 1.4377785921096802, 1.4410762786865234, 1.4537601470947266], "PuntosY": [-0.39087873697280884, -0.3773179054260254, -0.3660365045070648, -0.3563179075717926, -0.29336732625961304, -0.27947577834129333, -0.26708778738975525, -0.25633704662323]}
{"Iteracion": 6, "PuntosX": [1.3432977199554443, 1.3345286846160889, 1.335639476776123, 1.3426929712295532, 1.4688177108764648, 1.4676419496536255, 1.4736355543136597], "PuntosY": [-0.38518455624580383, -0.37009739875793457, -0.35788360238075256, -0.3472440242767334, -0.19337360560894012, -0.18020369112491608, -0.16789960861206055]}
{"Iteracion": 7, "PuntosX": [1.4556063413619995, 1.4513269662857056, 1.4547392129898071, 1.4677883386611938, 1.4890459775924683, 1.4814625978469849, 1.4821898937225342, 1.4917982816696167], "PuntosY": [-0.32270023226737976, -0.3084890842437744, -0.2959699332714081, -0.2853092551231384, -0.10412410646677017, -0.09060996770858765, -0.07767824083566666, -0.06513331085443497]}
{"Iteracion": 8, "PuntosX": [0.5602722764015198, 0.5565491318702698, 0.5565200448036194, 0.5580037832260132, 0.5606874823570251, 0.5646347403526306, 0.5699474215507507, 0.5771723985671997, 0.4854073226451874, 0.4789184033870697, 0.4765109121799469, 0.4755386412143707, 0.47554492950439453, 0.47633787989616394, 0.47785690426826477, 0.4801410138607025, 0.4833506941795349, 0.48788321018218994, 0.4947742819786072], "PuntosY": [-0.38506439328193665, -0.37539708614349365, -0.36835262179374695, -0.3623718023300171, -0.35719725489616394, -0.352822870016098, -0.3492641746997833, -0.34680017828941345, -0.18148639798164368, -0.17431195080280304, -0.168741375207901, -0.16374102234840393, -0.15911509096622467, -0.15477153658866882, -0.1506676822900772, -0.14679378271102905, -0.14317496120929718, -0.13989828526973724, -0.13721302151679993]}
{"Iteracion": 9, "PuntosX": [0.7027048468589783, 0.6975120306015015, 0.6955766081809998, 0.695387601852417, 0.6969277858734131, 0.7000370621681213, 0.7053093910217285, 0.716505229473114, 0.5395222306251526, 0.5317752361297607, 0.5278536081314087, 0.5254542231559753, 0.5241285562515259, 0.5236911773681641, 0.5240997672080994, 0.5254319906234741, 0.5279334187507629, 0.5321992039680481, 0.5423121452331543], "PuntosY": [-0.14936448633670807, -0.1419103741645813, -0.13520632684230804, -0.12888243794441223, -0.12288709729909897, -0.11714595556259155, -0.11171002686023712, -0.10708234459161758, -0.009417377412319183, -0.00464070588350296, 4.320463631302118e-08, 0.004585631191730499, 0.009148741140961647, 0.013713382184505463, 0.01830204389989376, 0.022940920665860176, 0.02766786515712738, 0.03255070745944977, 0.03792216256260872]}
{"Iteracion": 10, "PuntosX": [0.7909231185913086, 0.7849845290184021, 0.7822721600532532, 0.7817040085792542, 0.7830591201782227, 0.7867610454559326, 0.7954361438751221, 0.572213351726532, 0.5671404600143433, 0.5639928579330444, 0.5621402859687805, 0.561332106590271, 0.5615030527114868, 0.5627314448356628, 0.5652855634689331, 0.5704987049102783], "PuntosY": [-0.01380565483123064, -0.006850432138890028, 2.8448994271457195e-08, 0.0068218582309782505, 0.013668395578861237, 0.020602062344551086, 0.027777252718806267, 0.02998848631978035, 0.03468781337141991, 0.03943818435072899, 0.044241372495889664, 0.04911022633314133, 0.054066646844148636, 0.059145521372556686, 0.06440618634223938, 0.07004847377538681]}
{"Iteracion": 11, "PuntosX": [0.654050886631012, 0.649086058139801, 0.6463921666145325, 0.6454251408576965, 0.6457298398017883, 0.647358238697052, 0.6505981087684631, 0.6570889353752136, 0.8686345815658569, 0.8630878925323486, 0.8607784509658813, 0.860824465751648, 0.8632949590682983, 0.8703066110610962], "PuntosY": [-0.028556475415825844, -0.022666532546281815, -0.016926327720284462, -0.01126596238464117, -0.005635167006403208, 5.4569682106375694e-08, 0.005677720997482538, 0.011469577439129353, 0.03792543709278107, 0.045232564210891724, 0.05264752730727196, 0.06019473075866699, 0.06794274598360062, 0.07614196836948395]}
{"Iteracion": 12, "PuntosX": [0.7856971025466919, 0.7734875679016113, 0.7676922678947449, 0.764599621295929, 0.7632796168327332, 0.7639877200126648, 0.7673887610435486, 0.9394189119338989, 0.9288478493690491, 0.9232764840126038, 0.9206539988517761, 0.9211005568504333, 0.9274511337280273], "PuntosY": [0.1527239978313446, 0.15736784040927887, 0.16317805647850037, 0.169507697224617, 0.1762169897556305, 0.18341723084449768, 0.19133153557777405, 0.3143251836299896, 0.3198278248310089, 0.3269493281841278, 0.33509060740470886, 0.3443855047225952, 0.3560151755809784]}
{"Iteracion": 13, "PuntosX": [0.8918461203575134, 0.876788318157196, 0.8700383901596069, 0.8662506937980652, 0.8651409149169922, 0.86704421043396, 0.8802199363708496, 0.942534327507019, 0.9333736300468445, 0.9280053377151489, 0.9257797002792358, 0.9282111525535583], "PuntosY": [0.27266472578048706, 0.27645033597946167, 0.28269264101982117, 0.28984352946281433, 0.29789191484451294, 0.307036429643631, 0.32037386298179626, 0.49065250158309937, 0.49628356099128723, 0.5038658380508423, 0.5131680965423584, 0.5251564979553223]}
{"Iteracion": 14, "PuntosX": [1.0200992822647095, 1.007171630859375, 1.0011825561523438, 0.9987390041351318, 0.9998265504837036, 1.008821725845337, 0.9660614728927612, 0.9560887813568115, 0.950398325920105, 0.9479734301567078, 0.9505540728569031], "PuntosY": [0.28289860486984253, 0.28880196809768677, 0.29656389355659485, 0.30534523725509644, 0.315244197845459, 0.32778608798980713, 0.5028998255729675, 0.5083615183830261, 0.5160244107246399, 0.525470495223999, 0.5377978086471558]}
{"Iteracion": 15, "PuntosX": [1.1353839635849, 1.1140244007110596, 1.1067984104156494, 1.1039329767227173, 1.105761170387268, 0.9701921343803406, 0.9611378312110901, 0.9559619426727295, 0.9542370438575745, 0.9598655700683594], "PuntosY": [0.3689086437225342, 0.37274739146232605, 0.381101131439209, 0.3909231126308441, 0.4024641811847687, 0.5377864837646484, 0.543785810470581, 0.5519248843193054, 0.562088668346405, 0.5767455101013184]}
{"Iteracion": 16, "PuntosX": [1.2212938070297241, 1.2003908157348633, 1.1936200857162476, 1.1917635202407837, 1.1959764957427979, 1.0002068281173706, 0.9887350797653198, 0.9826352596282959, 0.979938268661499, 0.9811511635780334],