{"TiempoSleep": 5, "MaxIteraciones": 5}
{"Iteracion": 1, "PuntosX": [1.4149179458618164, 1.413342833518982, 1.4234108924865723, 1.4488526582717896, 1.5496169328689575, 1.5412708520889282, 1.5490890741348267, 1.5700305700302124, 1.160508632659912, 1.126237392425537, 1.1232578754425049, 1.120316505432129, 1.1177841424942017, 1.1260809898376465, 1.1344424486160278, 1.1428701877593994, 1.1539974212646484, 1.1847630739212036, 1.2180410623550415, 1.187018632888794, 1.1751331090927124, 1.1725131273269653, 1.169918417930603, 1.1673468351364136, 1.174630045890808, 1.1837131977081299, 1.1928983926773071, 1.2139374017715454, 1.7780780792236328, 1.7771580219268799, 1.7876362800598145, 1.7514222860336304, 1.6769373416900635, 1.6496189832687378, 1.6295121908187866, 1.6128796339035034, 1.600846529006958, 1.589830756187439, 1.5810847282409668, 1.573946475982666, 1.566863775253296, 1.5627622604370117, 1.5587102174758911, 1.5551615953445435, 1.5538249015808105, 1.5524884462356567, 1.5519905090332031, 1.5533696413040161, 1.554754614830017, 1.5577476024627686, 1.562208652496338, 1.566709041595459, 1.5750131607055664, 1.5835096836090088, 1.5965263843536377, 1.6115171909332275, 1.636109471321106, 1.7019057273864746, 1.1385470628738403, 1.1157556772232056, 1.1003812551498413, 1.096822738647461, 1.0932680368423462, 1.0897170305252075, 1.0860488414764404, 1.089639663696289, 1.0949350595474243, 1.1003148555755615, 1.105783224105835, 1.140311598777771, 1.0042203664779663, 0.9876205921173096, 0.9716385006904602, 0.9682132005691528, 0.9649649262428284, 0.9617121815681458, 0.958454430103302, 0.9568204283714294, 0.9625803828239441, 0.9684618711471558, 0.974470853805542], "PuntosY": [-1.1457780599594116, -1.1242237091064453, -1.1120905876159668, -1.111743688583374, -0.9683080315589905, -0.9444918632507324, -0.9307864308357239, -0.9248184561729431, -0.5288741588592529, -0.5014331340789795, -0.4884064197540283, -0.47554606199264526, -0.46300143003463745, -0.45496630668640137, -0.4468687176704407, -0.4387069344520569, -0.43146204948425293, -0.4312184751033783, -0.37239253520965576, -0.35161110758781433, -0.33696413040161133, -0.3251664936542511, -0.31347882747650146, -0.30189642310142517, -0.29286816716194153, -0.28418439626693726, -0.275402307510376, -0.26912352442741394, -0.23408851027488708, -0.2182074785232544, -0.20367535948753357, -3.058084985241294e-08, 0.014634559862315655, 0.028794169425964355, 0.042670346796512604, 0.0563231036067009, 0.06989455223083496, 0.08331958949565887, 0.09670320153236389, 0.11006095260381699, 0.12331478297710419, 0.136724054813385, 0.15008684992790222, 0.1634541153907776, 0.17703601717948914, 0.19062162935733795, 0.20432360470294952, 0.2183118611574173, 0.2323596030473709, 0.24672304093837738, 0.2614239752292633, 0.2762530744075775, 0.29191160202026367, 0.30780312418937683, 0.32481688261032104, 0.3425386846065521, 0.36271679401397705, 0.39291590452194214, 0.31574714183807373, 0.3199378550052643, 0.3259478509426117, 0.33533233404159546, 0.34470611810684204, 0.35407063364982605, 0.36338695883750916, 0.3751929700374603, 0.38773682713508606, 0.40048184990882874, 0.41343554854393005, 0.43772464990615845, 0.42626625299453735, 0.42942970991134644, 0.4326014518737793, 0.44124025106430054, 0.4499704837799072, 0.4587132930755615, 0.46746954321861267, 0.4770529568195343, 0.4904593229293823, 0.504149317741394, 0.5181353688240051]}
{"Iteracion": 2, "PuntosX": [1.4186735153198242, 1.4141241312026978, 1.4235904216766357, 1.4454220533370972, 1.5422736406326294, 1.54934561252594, 1.568267822265625, 1.3296836614608765, 1.30892014503479, 1.3085910081863403, 1.3082636594772339, 1.3079391717910767, 1.315197467803955, 1.3283783197402954, 1.341749668121338, 1.4145821332931519, 1.3972886800765991, 1.3893238306045532, 1.3890817165374756, 1.3888412714004517, 1.3886017799377441, 1.4033499956130981, 1.418766736984253, 1.7793298959732056, 1.7780011892318726, 1.7880020141601562, 1.6798549890518188, 1.6517059803009033, 1.6312274932861328, 1.6145696640014648, 1.6023237705230713, 1.5912927389144897, 1.582401156425476, 1.5752537250518799, 1.5681610107421875, 1.563950538635254, 1.5598920583724976, 1.5562498569488525, 1.5549089908599854, 1.5535683631896973, 1.552984356880188, 1.5543607473373413, 1.5557429790496826, 1.5586475133895874, 1.5631076097488403, 1.5676058530807495, 1.5758085250854492, 1.5843032598495483, 1.5971802473068237, 1.6119381189346313, 1.636520504951477, 1.6979448795318604, 1.1397000551223755, 1.1168731451034546, 1.1014342308044434, 1.097869873046875, 1.0943092107772827, 1.0907524824142456, 1.0870789289474487, 1.0906901359558105, 1.0959858894348145, 1.101366639137268, 1.1068357229232788, 1.141523003578186, 1.005033016204834, 0.9884137511253357, 0.9726035594940186, 0.9691790342330933, 0.9659255146980286, 0.9626674056053162, 0.9594042301177979, 0.9579463601112366, 0.9637080430984497, 0.9695918560028076, 0.9756026268005371], "PuntosY": [-1.1488189697265625, -1.124845266342163, -1.1122305393218994, -1.1091110706329346, -0.9451066851615906, -0.9309403896331787, -0.9237801432609558, -0.5104177594184875, -0.4893852174282074, -0.4762881398200989, -0.46328040957450867, -0.4503594636917114, -0.44005897641181946, -0.43161624670028687, -0.4230520725250244, -0.36583590507507324, -0.3483831286430359, -0.3335471451282501, -0.3206947147846222, -0.3078986406326294, -0.2951563000679016, -0.28551483154296875, -0.27578023076057434, -0.2342534214258194, -0.21831102669239044, -0.20371700823307037, 0.014659901149570942, 0.02883065864443779, 0.04271511361002922, 0.05638200044631958, 0.06995906680822372, 0.08339618891477585, 0.09678386896848679, 0.110152468085289, 0.12341686338186264, 0.1368279904127121, 0.1502005159854889, 0.16356852650642395, 0.17715947329998016, 0.19075417518615723, 0.20445434749126434, 0.2184510976076126, 0.2325073629617691, 0.24686557054519653, 0.2615744173526764, 0.2764110565185547, 0.29205894470214844, 0.30795732140541077, 0.32494986057281494, 0.3426280915737152, 0.362807959318161, 0.39200136065483093, 0.31606677174568176, 0.3202582895755768, 0.3262597620487213, 0.33565250039100647, 0.3450343608856201, 0.3544069230556488, 0.36373159289360046, 0.375554621219635, 0.38810887932777405, 0.40086469054222107, 0.41382896900177, 0.43818962574005127, 0.4266112446784973, 0.4297744929790497, 0.4330310821533203, 0.4416804313659668, 0.45041853189468384, 0.45916882157325745, 0.4679328501224518, 0.4776144027709961, 0.4910338521003723, 0.5047375559806824, 0.5187371969223022]}
{"Iteracion": 3, "PuntosX": [1.4148850440979004, 1.4238892793655396, 1.4439135789871216, 1.54338800907135, 1.5498685836791992, 1.567358374595642, 1.5206199884414673, 1.5081199407577515, 1.495893120765686, 1.4959416389465332, 1.4983290433883667, 1.5007117986679077, 1.5137301683425903, 1.5353742837905884, 1.6748157739639282, 1.6268819570541382, 1.615412950515747, 1.6041733026504517, 1.6046348810195923, 1.6072065830230713, 1.6097781658172607, 1.6277867555618286, 1.7806190252304077, 1.7786223888397217, 1.7880363464355469, 1.682328701019287, 1.6535571813583374, 1.63280189037323, 1.6161218881607056, 1.603719711303711, 1.5926748514175415, 1.5836786031723022, 1.576521396636963, 1.569420576095581, 1.5651328563690186, 1.5610690116882324, 1.5573621988296509, 1.556018590927124, 1.5546746253967285, 1.5540333986282349, 1.5554084777832031, 1.5567889213562012, 1.5596389770507812, 1.5640982389450073, 1.568596363067627, 1.5767384767532349, 1.5852349996566772, 1.5980324745178223, 1.6126625537872314, 1.6372435092926025, 1.6962791681289673, 1.140808343887329, 1.1179497241973877, 1.102393627166748, 1.0988246202468872, 1.0952593088150024, 1.0916978120803833, 1.088018774986267, 1.0916157960891724, 1.0969130992889404, 1.102295160293579, 1.1077654361724854, 1.14249849319458, 1.0058314800262451, 0.9891934394836426, 0.9734876155853271, 0.9700616002082825, 0.9668039679527283, 0.9635411500930786, 0.9602735042572021, 0.9589372873306274, 0.964701235294342, 0.9705871939659119, 0.9766002893447876],