{"TiempoSleep": 0.5, "MaxIteraciones": 50.0}
{"Iteracion": 1, "PuntosX": [2.060441732406616, 2.049220561981201, 2.044780731201172, 2.054307460784912, 2.0638771057128906, 2.1086349487304688, 2.065706253051758, 2.0542752742767334, 2.043987274169922, 2.050650119781494, 2.060682535171509, 2.0996084213256836], "PuntosY": [-0.28957614302635193, -0.269785076379776, -0.25106745958328247, -0.23405860364437103, -0.21692225337028503, -0.20303846895694733, -0.12634383141994476, -0.10766001045703888, -0.08924244344234467, -0.07161027193069458, -0.05396069586277008, -0.036648865789175034]}
{"Iteracion": 2, "PuntosX": [2.144949436187744, 2.1448974609375, 2.145103931427002, 2.155791997909546, 2.171884298324585, 2.1979994773864746, 2.0657989978790283, 2.0638883113861084, 2.064199209213257, 2.0722832679748535, 2.0884652137756348, 2.1083755493164062], "PuntosY": [-0.47552376985549927, -0.4559119939804077, -0.43642619252204895, -0.41904354095458984, -0.40253502130508423, -0.38756638765335083, -0.3271903395652771, -0.30844995379447937, -0.2901042103767395, -0.2728213667869568, -0.2564311921596527, -0.24021898210048676]}
{"Iteracion": 3, "PuntosX": [2.2444522380828857, 2.232757568359375, 2.2342023849487305, 2.239556074142456, 2.097992181777954, 2.087731122970581, 2.0928547382354736, 2.097992420196533, 2.1035268306732178, 2.123405933380127, 2.143733024597168], "PuntosY": [-0.3755924105644226, -0.35363417863845825, -0.33390364050865173, -0.3147490322589874, -0.27620598673820496, -0.2563410997390747, -0.2384505420923233, -0.22050800919532776, -0.20254671573638916, -0.18577413260936737, -0.168715238571167]}
{"Iteracion": 4, "PuntosX": [2.1547012329101562, 2.136430263519287, 2.132146120071411, 2.12788462638855, 2.1309280395507812, 2.1380324363708496, 2.145207405090332, 2.1785504817962646], "PuntosY": [-0.18851205706596375, -0.16814061999320984, -0.14909406006336212, -0.13014693558216095, -0.11167722195386887, -0.09334858506917953, -0.07491234689950943, -0.057047344744205475]}
{"Iteracion": 5, "PuntosX": [2.2366602420806885, 2.2189266681671143, 2.2013514041900635, 2.1981608867645264, 2.1956429481506348, 2.194911003112793, 2.209096908569336, 2.3513269424438477, 2.3485147953033447, 2.358083486557007, 2.373601198196411], "PuntosY": [-0.09765493124723434, -0.07748650014400482, -0.057644542306661606, -0.038369063287973404, -0.01916119083762169, 4.7584762796759605e-08, 0.019278639927506447, 0.04104245454072952, 0.061498090624809265, 0.0823461189866066, 0.1036338359117508]}
{"Iteracion": 6, "PuntosX": [2.3262104988098145, 2.3040082454681396, 2.288078784942627, 2.2886180877685547, 2.291255474090576, 2.3167643547058105, 2.4206717014312744, 2.4046173095703125, 2.388667583465576, 2.3905482292175293, 2.3931736946105957, 2.431239604949951], "PuntosY": [-0.2650381624698639, -0.24216121435165405, -0.22031693160533905, -0.20022806525230408, -0.18032561242580414, -0.16200384497642517, -0.1268620789051056, -0.10498788952827454, -0.08341410011053085, -0.06259875744581223, -0.04177313670516014, -0.021217118948698044]}
{"Iteracion": 7, "PuntosX": [2.455280303955078, 2.418029546737671, 2.409392833709717, 2.4145705699920654, 2.4298932552337646, 2.4702889919281006, 2.4418201446533203, 2.4332759380340576, 2.440096139907837, 2.4560112953186035], "PuntosY": [-0.3232439160346985, -0.2968965768814087, -0.2745155692100525, -0.25378164649009705, -0.23397210240364075, -0.15108922123908997, -0.12797018885612488, -0.10623917728662491, -0.08521007746458054, -0.06431292742490768]}
{"Iteracion": 8, "PuntosX": [2.551225423812866, 2.5261733531951904, 2.5297296047210693, 2.5394246578216553, 2.5636889934539795, 2.623349905014038, 2.4742929935455322, 2.468994617462158, 2.472292184829712, 2.4897186756134033, 2.5144283771514893], "PuntosY": [-0.5655933022499084, -0.536954939365387, -0.5146793127059937, -0.4936143457889557, -0.47515198588371277, -0.46256721019744873, -0.3918897211551666, -0.3689936399459839, -0.34745797514915466, -0.3277778625488281, -0.30873286724090576]}
{"Iteracion": 9, "PuntosX": [2.6397817134857178, 2.6324265003204346, 2.642275810241699, 2.5137441158294678, 2.504401206970215, 2.5116755962371826, 2.5209057331085205, 2.538928270339966, 2.5662970542907715], "PuntosY": [-0.7569453716278076, -0.7300364375114441, -0.7079958915710449, -0.6500986218452454, -0.6244173645973206, -0.6030000448226929, -0.5819966793060303, -0.5628670454025269, -0.5454835891723633]}
{"Iteracion": 10, "PuntosX": [2.621147871017456, 2.594210624694824, 2.5920112133026123, 2.5935349464416504, 2.6052491664886475, 2.617011785507202, 2.6583549976348877], "PuntosY": [-0.851662278175354, -0.817951500415802, -0.7924570441246033, -0.7682400941848755, -0.7470433712005615, -0.7257615923881531, -0.7123039364814758]}
{"Iteracion": 11, "PuntosX": [2.678212881088257, 2.6538522243499756, 2.6529650688171387, 2.653095006942749, 2.6691534519195557, 2.7248802185058594, 2.8155229091644287, 2.8158681392669678, 2.8348143100738525], "PuntosY": [-1.0820684432983398, -1.0453799962997437, -1.0183775424957275, -0.9919517040252686, -0.971492350101471, -0.9649306535720825, -0.9694622755050659, -0.9421764612197876, -0.9210872054100037]}
{"Iteracion": 12, "PuntosX": [2.8009560108184814, 2.772721767425537, 2.7682723999023438, 2.7750964164733887, 2.81152081489563, 2.9076685905456543, 2.8895816802978516, 2.8895421028137207, 2.8966779708862305], "PuntosY": [-1.1033259630203247, -1.0643479824066162, -1.0350148677825928, -1.0100526809692383, -0.9956117272377014, -0.9728925228118896, -0.9388821721076965, -0.9110691547393799, -0.8856033682823181]}
{"Iteracion": 13, "PuntosX": [2.885546922683716, 2.8736560344696045, 2.8844714164733887, 2.9110512733459473, 2.949950933456421, 2.923339366912842, 2.927478313446045, 2.94925856590271], "PuntosY": [-1.2546714544296265, -1.219794750213623, -1.1947872638702393, -1.1761410236358643, -1.1029417514801025, -1.064008355140686, -1.0366743803024292, -1.0155105590820312]}
{"Iteracion": 14, "PuntosX": [3.041705369949341, 3.014559268951416, 3.022869110107422, 3.0491249561309814, 3.0983526706695557, 3.0016324520111084, 2.978517532348633, 2.986725091934204, 3.0125672817230225, 3.0640811920166016], "PuntosY": [-1.3225715160369873, -1.2796043157577515, -1.2521135807037354, -1.231926441192627, -1.2204735279083252, -1.1522189378738403, -1.1136223077774048, -1.0870789289474487, -1.0668058395385742, -1.055047631263733]}
{"Iteracion": 15, "PuntosX": [3.1528878211975098, 3.1536810398101807, 3.0460903644561768, 3.039193630218506, 3.04792857170105, 3.063433885574341, 3.0962045192718506], "PuntosY": [-1.3383210897445679, -1.306297779083252, -1.2307004928588867, -1.1971700191497803, -1.169990062713623, -1.1453710794448853, -1.1269259452819824]}
{"Iteracion": 16, "PuntosX": [3.1185543537139893, 3.1075782775878906, 3.109464406967163, 3.1278181076049805, 3.1532576084136963], "PuntosY": [-1.454205870628357, -1.4162050485610962, -1.384423017501831, -1.3600138425827026, -1.3384782075881958]}
{"Iteracion": 17, "PuntosX": [3.1650009155273438, 3.153632640838623, 3.158379077911377, 3.1760106086730957, 3.3220009803771973, 3.326718330383301, 3.3493900299072266], "PuntosY": [-1.4423742294311523, -1.4040879011154175, -1.3733023405075073, -1.3481366634368896, -1.3760181665420532, -1.344081163406372, -1.319359302520752]}
{"Iteracion": 18, "PuntosX": [3.2274906635284424, 3.2125096321105957, 3.2220072746276855, 3.2540273666381836, 3.358692169189453, 3.348595380783081, 3.3611698150634766], "PuntosY": [-1.5394343137741089, -1.4980179071426392, -1.468353509902954, -1.448786735534668, -1.425680160522461, -1.3870339393615723, -1.358000636100769]}
{"Iteracion": 19, "PuntosX": [3.3008594512939453, 3.3113038539886475, 3.35353946685791, 3.371631145477295, 3.3759167194366455, 3.4068615436553955], "PuntosY": [-1.7550976276397705, -1.7237555980682373, -1.7087137699127197, -1.608185887336731, -1.5742161273956299, -1.5525966882705688]}
{"Iteracion": 20, "PuntosX": [3.4027016162872314, 3.4178755283355713, 3.4598238468170166, 3.386902332305908, 3.400895595550537, 3.4352807998657227],