{"TiempoSleep": 5, "MaxIteraciones": 5}
{"Iteracion": 1, "PuntosX": [1.4146621227264404, 1.4133000373840332, 1.4234683513641357, 1.449726939201355, 1.5489674806594849, 1.5411603450775146, 1.5490533113479614, 1.5701677799224854, 1.159970760345459, 1.1261333227157593, 1.123154640197754, 1.1202139854431152, 1.1177676916122437, 1.1260647773742676, 1.1344265937805176, 1.1428546905517578, 1.1541285514831543, 1.184921383857727, 1.2177369594573975, 1.186729073524475, 1.1750394105911255, 1.172420859336853, 1.1698265075683594, 1.1672556400299072, 1.1746227741241455, 1.183706283569336, 1.1928925514221191, 1.2142164707183838, 1.778025507926941, 1.777183175086975, 1.7878203392028809, 1.750478744506836, 1.676612377166748, 1.6494137048721313, 1.629359483718872, 1.612729549407959, 1.600727915763855, 1.589714527130127, 1.580989956855774, 1.5738530158996582, 1.5667716264724731, 1.562686562538147, 1.5586352348327637, 1.5551011562347412, 1.5537662506103516, 1.5524299144744873, 1.551946759223938, 1.5533264875411987, 1.554711937904358, 1.55772066116333, 1.562183141708374, 1.5666831731796265, 1.5750081539154053, 1.5835062265396118, 1.5965511798858643, 1.6115901470184326, 1.6361860036849976, 1.7029035091400146, 1.138403296470642, 1.1156166791915894, 1.1003252267837524, 1.096767544746399, 1.0932135581970215, 1.0896632671356201, 1.085995078086853, 1.0896250009536743, 1.0949206352233887, 1.1003012657165527, 1.105770230293274, 1.1404448747634888, 1.0041230916976929, 0.9875266551971436, 0.9715915322303772, 0.968167781829834, 0.9649208188056946, 0.9616682529449463, 0.9584111571311951, 0.9568077921867371, 0.9625688791275024, 0.9684516191482544, 0.9744616150856018], "PuntosY": [-1.1455706357955933, -1.1241896152496338, -1.1121350526809692, -1.1124145984649658, -0.9679023623466492, -0.9444242715835571, -0.9307651519775391, -0.9248994588851929, -0.5286291241645813, -0.5013868808746338, -0.4883614480495453, -0.47550255060195923, -0.4629945456981659, -0.4549594223499298, -0.44686225056648254, -0.43870070576667786, -0.43151089549064636, -0.43127602338790894, -0.3722994327545166, -0.35152509808540344, -0.3369372487068176, -0.32514095306396484, -0.3134540319442749, -0.30187276005744934, -0.2928662896156311, -0.28418269753456116, -0.275400847196579, -0.269185334444046, -0.23408164083957672, -0.21821071207523346, -0.20369625091552734, 6.581103662028909e-08, 0.014631716534495354, 0.028790723532438278, 0.04266639053821564, 0.05631787329912186, 0.06988946348428726, 0.08331340551376343, 0.09669741988182068, 0.11005447804927826, 0.12330758571624756, 0.13671746850013733, 0.1500796377658844, 0.16344794631004333, 0.1770293116569519, 0.1906144618988037, 0.20431777834892273, 0.21830587089061737, 0.23235328495502472, 0.24671879410743713, 0.26141977310180664, 0.27624860405921936, 0.29191067814826965, 0.30780255794525146, 0.3248220980167389, 0.3425542116165161, 0.36273372173309326, 0.39314624667167664, 0.31570711731910706, 0.3198980689048767, 0.32593122124671936, 0.3353155255317688, 0.34468886256217957, 0.3540530800819397, 0.3633689880371094, 0.3751879036426544, 0.387731671333313, 0.40047693252563477, 0.413430780172348, 0.43777579069137573, 0.42622503638267517, 0.4293888509273529, 0.43258053064346313, 0.4412195682525635, 0.4499499797821045, 0.4586923122406006, 0.4674484431743622, 0.4770467281341553, 0.49045348167419434, 0.5041439533233643, 0.5181304216384888]}
{"Iteracion": 2, "PuntosX": [1.4187414646148682, 1.4141300916671753, 1.4235869646072388, 1.445375919342041, 1.5422977209091187, 1.5493652820587158, 1.5682703256607056, 1.3297337293624878, 1.3089431524276733, 1.308613657951355, 1.3082865476608276, 1.3079615831375122, 1.315204381942749, 1.3283852338790894, 1.3417565822601318, 1.4146250486373901, 1.3973308801651, 1.389347791671753, 1.3891054391860962, 1.3888647556304932, 1.388625144958496, 1.4033538103103638, 1.4187699556350708, 1.7793692350387573, 1.7780348062515259, 1.7880302667617798, 1.6799160242080688, 1.651746392250061, 1.6312581300735474, 1.6145997047424316, 1.6023486852645874, 1.5913177728652954, 1.5824227333068848, 1.5752744674682617, 1.5681815147399902, 1.5639674663543701, 1.5599087476730347, 1.5562644004821777, 1.5549238920211792, 1.5535829067230225, 1.5529966354370117, 1.5543723106384277, 1.5557552576065063, 1.558656930923462, 1.563116431236267, 1.5676145553588867, 1.5758142471313477, 1.5843087434768677, 1.5971808433532715, 1.6119309663772583, 1.6365134716033936, 1.6977922916412354, 1.1397323608398438, 1.1169042587280273, 1.1014536619186401, 1.0978889465332031, 1.09432852268219, 1.090772032737732, 1.0870972871780396, 1.0907005071640015, 1.0959964990615845, 1.101377248764038, 1.1068460941314697, 1.1415152549743652, 1.0050588846206665, 0.9884387254714966, 0.9726199507713318, 0.9691939949989319, 0.965939998626709, 0.9626820683479309, 0.9594190120697021, 0.9579548239707947, 0.9637163281440735, 0.9696000814437866, 0.9756104350090027], "PuntosY": [-1.148874282836914, -1.1248499155044556, -1.1122281551361084, -1.109075665473938, -0.9451214075088501, -0.930952787399292, -0.9237819314002991, -0.5104371309280396, -0.48939386010169983, -0.47629648447036743, -0.46328845620155334, -0.45036718249320984, -0.4400613307952881, -0.4316185712814331, -0.42305418848991394, -0.36584705114364624, -0.3483937382698059, -0.33355283737182617, -0.32070019841194153, -0.307903915643692, -0.2951613664627075, -0.28551560640335083, -0.27578097581863403, -0.23425845801830292, -0.2183152735233307, -0.20372024178504944, 0.014660571701824665, 0.02883140556514263, 0.04271600767970085, 0.05638323351740837, 0.06996020674705505, 0.08339747786521912, 0.09678511321544647, 0.11015386879444122, 0.12341859936714172, 0.13682948052883148, 0.15020224452018738, 0.1635700762271881, 0.17716120183467865, 0.19075597822666168, 0.20445604622364044, 0.2184528112411499, 0.23250922560691833, 0.2468670755624771, 0.2615760564804077, 0.2764127254486084, 0.29206013679504395, 0.30795854330062866, 0.32495009899139404, 0.3426266312599182, 0.36280643939971924, 0.3919662535190582, 0.31607574224472046, 0.3202672004699707, 0.326265424489975, 0.3356582820415497, 0.345040500164032, 0.35441333055496216, 0.36373773217201233, 0.3755582273006439, 0.38811275362968445, 0.40086862444877625, 0.4138329029083252, 0.4381866753101349, 0.42662227153778076, 0.42978543043136597, 0.4330384135246277, 0.4416872262954712, 0.4504253566265106, 0.4591759145259857, 0.4679400324821472, 0.47761863470077515, 0.4910382330417633, 0.5047420859336853, 0.5187413096427917]}
{"Iteracion": 3, "PuntosX": [1.4148653745651245, 1.4238606691360474, 1.4438657760620117, 1.543410301208496, 1.549881100654602, 1.5673496723175049, 1.5206810235977173, 1.5081803798675537, 1.4959527254104614, 1.4959650039672852, 1.498352289199829, 1.5007351636886597, 1.5137073993682861, 1.5353511571884155, 1.675039291381836, 1.6269370317459106, 1.6154671907424927, 1.604225993156433, 1.6046569347381592, 1.607228398323059, 1.6097992658615112, 1.6277552843093872, 1.78069007396698, 1.7786649465560913, 1.7880516052246094, 1.6824496984481812, 1.6536380052566528, 1.6328637599945068, 1.6161824464797974, 1.6037697792053223, 1.5927244424819946, 1.5837208032608032, 1.5765639543533325, 1.5694622993469238, 1.5651687383651733, 1.56110417842865, 1.5573925971984863, 1.5560481548309326, 1.554704189300537, 1.5540589094161987, 1.5554331541061401, 1.5568138360977173, 1.559658169746399, 1.564117670059204, 1.5686155557632446, 1.576751470565796, 1.5852471590042114, 1.598036289215088, 1.6126513481140137, 1.6372313499450684, 1.6959859132766724, 1.1408659219741821, 1.1180063486099243, 1.1024188995361328, 1.0988495349884033, 1.0952842235565186, 1.0917229652404785, 1.088044285774231, 1.091627836227417, 1.0969245433807373, 1.102306842803955, 1.10777747631073, 1.1424592733383179, 1.0058714151382446, 0.9892324805259705, 0.9735110998153687, 0.9700843095779419, 0.9668265581130981, 0.9635633230209351, 0.9602959156036377, 0.9589499235153198, 0.9647138118743896, 0.9705994725227356, 0.976612389087677],