{"TiempoSleep": 0.5, "MaxIteraciones": 50}
{"Iteracion": 1, "PuntosX": [1.2286256551742554, 1.2082773447036743, 1.1938639879226685, 1.185530185699463, 1.177369236946106, 1.1729326248168945, 1.1689012050628662, 1.1651256084442139, 1.1639338731765747, 1.16275155544281, 1.1615785360336304, 1.162114143371582, 1.1631646156311035, 1.1642115116119385, 1.1655832529067993, 1.1686464548110962, 1.1717101335525513, 1.1747747659683228, 1.1788088083267212, 1.183955430984497, 1.1891250610351562, 1.1943175792694092, 1.2016711235046387, 1.209322452545166, 1.217043399810791, 1.2268677949905396, 1.2378634214401245, 1.249022126197815, 1.264597773551941, 1.280896782875061, 1.3042516708374023, 1.337446689605713, 1.3382573127746582, 1.2828673124313354, 1.260730504989624, 1.2430087327957153, 1.2296011447906494, 1.2173852920532227, 1.208699345588684, 1.2001352310180664, 1.1925956010818481, 1.1871081590652466, 1.1816673278808594, 1.1762726306915283, 1.1729824542999268, 1.1699109077453613, 1.1668517589569092, 1.164164423942566, 1.1631479263305664, 1.162131905555725, 1.161115050315857, 1.1607725620269775, 1.1617825031280518, 1.1627957820892334, 1.163813591003418, 1.1662136316299438, 1.1695313453674316, 1.1728777885437012, 1.1768648624420166, 1.183182954788208, 1.1895917654037476, 1.1974788904190063, 1.2084118127822876, 1.2201330661773682, 1.2393971681594849, 1.2696620225906372], "PuntosY": [-0.5342215299606323, -0.5128832459449768, -0.4945145845413208, -0.4789852201938629, -0.4637780487537384, -0.4502466022968292, -0.43703436851501465, -0.42407098412513733, -0.4121705889701843, -0.40036740899086, -0.3886587619781494, -0.3775936961174011, -0.36674433946609497, -0.35593515634536743, -0.3452615439891815, -0.3351040184497833, -0.324943870306015, -0.31477996706962585, -0.30486080050468445, -0.29519322514533997, -0.2854836583137512, -0.2757299244403839, -0.2664041221141815, -0.2570493519306183, -0.2476101666688919, -0.2384789139032364, -0.22942447662353516, -0.22023610770702362, -0.21162089705467224, -0.20287403464317322, -0.1949215829372406, -0.1879657357931137, -0.05842958390712738, -0.044798702001571655, -0.03301338478922844, -0.021696867421269417, -0.010730606503784657, 7.64166543376632e-08, 0.01054827868938446, 0.020948542281985283, 0.031229233369231224, 0.04145480692386627, 0.051592811942100525, 0.06164586916565895, 0.07174269109964371, 0.0818081721663475, 0.09183318167924881, 0.1018512025475502, 0.11199849098920822, 0.12214501947164536, 0.13229243457317352, 0.14252495765686035, 0.1529516577720642, 0.16342037916183472, 0.17393316328525543, 0.18471014499664307, 0.19571246206760406, 0.20681001245975494, 0.21811917424201965, 0.22998753190040588, 0.24202527105808258, 0.2545320987701416, 0.2678985297679901, 0.2816898822784424, 0.2975528836250305, 0.31656238436698914]}
{"Iteracion": 2, "PuntosX": [1.4656956195831299, 1.414433479309082, 1.3927444219589233, 1.380713701248169, 1.3697677850723267, 1.3632606267929077, 1.3568501472473145, 1.353173017501831, 1.350302815437317, 1.3474602699279785, 1.347201943397522, 1.3470622301101685, 1.3469229936599731, 1.3487902879714966, 1.3510218858718872, 1.3532516956329346, 1.356907606124878, 1.3614908456802368, 1.3660882711410522, 1.37180495262146, 1.379036784172058, 1.3863227367401123, 1.3951867818832397, 1.4058226346969604, 1.4165942668914795, 1.4316240549087524, 1.447353482246399, 1.4698020219802856, 1.4998291730880737, 1.2671446800231934, 1.2159208059310913, 1.1920249462127686, 1.1748931407928467, 1.1617566347122192, 1.1510958671569824, 1.140633225440979, 1.1336866617202759, 1.126915454864502, 1.1202261447906494, 1.1153281927108765, 1.1112139225006104, 1.1071275472640991, 1.1030685901641846, 1.1009292602539062, 1.0989265441894531, 1.0969289541244507, 1.0949357748031616, 1.0946372747421265, 1.0945303440093994, 1.0944232940673828, 1.0943164825439453, 1.0958362817764282, 1.0977038145065308, 1.0995817184448242, 1.1014708280563354, 1.1056270599365234, 1.1098875999450684, 1.1141936779022217, 1.1202726364135742, 1.1278386116027832, 1.1355334520339966, 1.1470329761505127, 1.160123586654663, 1.1799898147583008, 1.2142622470855713], "PuntosY": [-0.5334694385528564, -0.5008770823478699, -0.47956013679504395, -0.4619803726673126, -0.4450645446777344, -0.42983436584472656, -0.41483059525489807, -0.40082815289497375, -0.38719311356544495, -0.3736836314201355, -0.3609815537929535, -0.3483739495277405, -0.3358255922794342, -0.32381588220596313, -0.3119077980518341, -0.30000871419906616, -0.28841960430145264, -0.2769984006881714, -0.26554057002067566, -0.25424906611442566, -0.24316130578517914, -0.23199082911014557, -0.22097598016262054, -0.2101016342639923, -0.19908922910690308, -0.18847699463367462, -0.17771264910697937, -0.16746273636817932, -0.15763841569423676, -0.08860734105110168, -0.07436889410018921, -0.0624714195728302, -0.051296982914209366, -0.04056941717863083, -0.030142562463879585, -0.019909894093871117, -0.0098936278373003, 5.285437509883195e-08, 0.00977608747780323, 0.019468126818537712, 0.02909816987812519, 0.038661785423755646, 0.048161063343286514, 0.057697322219610214, 0.06721321493387222, 0.0767047107219696, 0.08617324382066727, 0.09576842188835144, 0.10539133101701736, 0.11502863466739655, 0.12468161433935165, 0.13455180823802948, 0.14451557397842407, 0.1545362025499344, 0.16461586952209473, 0.17511415481567383, 0.18573147058486938, 0.19646231830120087, 0.20763038098812103, 0.2192295640707016, 0.23102682828903198, 0.24380941689014435, 0.2571932077407837, 0.2724221646785736, 0.29151856899261475]}
{"Iteracion": 3, "PuntosX": [1.628304362297058, 1.588531494140625, 1.5654525756835938, 1.551070213317871, 1.5388566255569458, 1.5302995443344116, 1.5222300291061401, 1.517575979232788, 1.512961745262146, 1.5097850561141968, 1.508168339729309, 1.5065590143203735, 1.5065451860427856, 1.5075747966766357, 1.5086036920547485, 1.5113052129745483, 1.5149648189544678, 1.2228368520736694, 1.1833974123001099, 1.161142110824585, 1.145683765411377, 1.132535696029663, 1.1214581727981567, 1.1130245923995972, 1.1047183275222778, 1.0975629091262817, 1.0922423601150513, 1.086971402168274, 1.0817488431930542, 1.0781376361846924, 1.075118899345398, 1.0721144676208496, 1.0691230297088623, 1.0674482583999634, 1.066343903541565, 1.0652399063110352, 1.0641366243362427, 1.0639568567276, 1.064699411392212, 1.0654444694519043, 1.0661921501159668, 1.067770004272461, 1.070578694343567, 1.0734106302261353, 1.0762660503387451, 1.0808289051055908, 1.086345911026001, 1.0919394493103027, 1.0993022918701172, 1.1088851690292358, 1.1186736822128296, 1.1350102424621582, 1.1554110050201416, 1.217771291732788], "PuntosY": [-0.3461068272590637, -0.32319024205207825, -0.304293155670166, -0.28747379779815674, -0.27134183049201965, -0.256084144115448, -0.24109753966331482, -0.22680306434631348, -0.21263273060321808, -0.19876688718795776, -0.18517975509166718, -0.17165058851242065, -0.15834416449069977, -0.14516295492649078, -0.1319856196641922, -0.11894207447767258, -0.1059364601969719, -0.07479178160429001, -0.06201915815472603, -0.05069655552506447, -0.04000815376639366, -0.029656367376446724, -0.01957513764500618, -0.00971316359937191, 6.864138413220644e-08, 0.009578356519341469, 0.019065210595726967, 0.028463438153266907, 0.03777555376291275, 0.04707258194684982, 0.056344691663980484, 0.06557336449623108, 0.07476035505533218, 0.084010049700737, 0.09329304844141006, 0.10257109999656677, 0.11184536665678024, 0.12122263014316559, 0.13072873651981354, 0.14026856422424316, 0.14984355866909027, 0.15957936644554138, 0.16956309974193573, 0.17962737381458282, 0.1897747814655304, 0.20031994581222534, 0.21116431057453156, 0.22215764224529266, 0.23366403579711914, 0.24583400785923004, 0.2582661807537079, 0.2724918723106384, 0.2880764305591583, 0.31493717432022095]}
