{"TiempoSleep": 0.5, "MaxIteraciones": 50}
{"Iteracion": 1, "PuntosX": [2.109692335128784, 2.0983097553253174, 2.1057209968566895, 2.136568546295166, 2.124225616455078, 2.1302130222320557], "PuntosY": [-0.39100855588912964, -0.3699885606765747, -0.35237666964530945, -0.1681513488292694, -0.14854012429714203, -0.13028936088085175]}
{"Iteracion": 2, "PuntosX": [2.2145233154296875, 2.2113196849823, 2.2278361320495605, 2.1320791244506836, 2.126342296600342, 2.13739013671875], "PuntosY": [-0.43045976758003235, -0.4098440110683441, -0.392827570438385, -0.22409044206142426, -0.20474357903003693, -0.18699756264686584]}
{"Iteracion": 3, "PuntosX": [2.3519740104675293, 2.347651720046997, 2.366974115371704, 2.1747586727142334, 2.1745901107788086, 2.1975436210632324], "PuntosY": [-0.6302096843719482, -0.6071440577507019, -0.5901530385017395, -0.4821324348449707, -0.4622232913970947, -0.44709518551826477]}
{"Iteracion": 4, "PuntosX": [2.4782371520996094, 2.246662139892578, 2.254366874694824], "PuntosY": [-0.4369800388813019, -0.37596243619918823, -0.3570568561553955]}
{"Iteracion": 5, "PuntosX": [2.3597044944763184, 2.3440208435058594, 2.3542377948760986, 2.5622379779815674, 2.559805154800415], "PuntosY": [-0.41607969999313354, -0.3922545611858368, -0.3728746473789215, -0.33732539415359497, -0.314304381608963]}
{"Iteracion": 6, "PuntosX": [1.4281787872314453, 1.4303842782974243, 1.4400174617767334, 1.587274432182312, 1.5824596881866455, 1.5872321128845215, 1.6058908700942993], "PuntosY": [-0.5770215392112732, -0.5634430646896362, -0.5527709722518921, -0.4253089129924774, -0.40925198793411255, -0.39574137330055237, -0.38554027676582336]}
{"Iteracion": 7, "PuntosX": [1.5754317045211792, 1.5695244073867798, 1.5752507448196411, 1.5932111740112305, 1.6347835063934326, 1.6264604330062866, 1.6302083730697632, 1.6461341381072998], "PuntosY": [-0.6687309145927429, -0.650118350982666, -0.6364426016807556, -0.627582311630249, -0.4533655047416687, -0.4358087182044983, -0.4216005802154541, -0.41042715311050415]}
{"Iteracion": 8, "PuntosX": [1.682547926902771, 1.6871378421783447, 1.7041738033294678, 1.6287331581115723, 1.6304196119308472, 1.6419240236282349], "PuntosY": [-0.6969341039657593, -0.6816479563713074, -0.6712916493415833, -0.4824525713920593, -0.4675154387950897, -0.4553458094596863]}
{"Iteracion": 9, "PuntosX": [1.8063424825668335, 1.8102999925613403, 1.832422137260437, 1.6717627048492432, 1.6544957160949707, 1.6557201147079468, 1.6675523519515991], "PuntosY": [-0.48400795459747314, -0.46817538142204285, -0.45687416195869446, -0.34012386202812195, -0.32160133123397827, -0.30686962604522705, -0.29403430223464966]}
{"Iteracion": 10, "PuntosX": [1.9117577075958252, 1.9006181955337524, 1.6912542581558228, 1.687606692314148, 1.6941570043563843], "PuntosY": [-0.42382654547691345, -0.403988778591156, -0.3440895080566406, -0.32803747057914734, -0.31399351358413696]}
{"Iteracion": 11, "PuntosX": [1.764133334159851, 1.7481459379196167, 1.7522603273391724, 1.7718859910964966, 1.976343035697937, 1.969893217086792, 1.9785871505737305], "PuntosY": [-0.5562288165092468, -0.5344615578651428, -0.5190430879592896, -0.5080800652503967, -0.5111169815063477, -0.491149365901947, -0.4750167727470398]}
{"Iteracion": 12, "PuntosX": [1.8493045568466187, 1.8450602293014526, 1.8533709049224854, 2.0244650840759277, 2.0212152004241943, 2.033186197280884], "PuntosY": [-0.4439786374568939, -0.42596572637557983, -0.4108826816082001, -0.30255821347236633, -0.2840631306171417, -0.26767396926879883]}
{"Iteracion": 13, "PuntosX": [1.9704475402832031, 1.9665707349777222, 1.9768540859222412, 2.062260866165161, 2.0530738830566406, 2.059985876083374], "PuntosY": [-0.4008919596672058, -0.382262647151947, -0.3663884997367859, -0.19857320189476013, -0.17962069809436798, -0.16212427616119385]}
{"Iteracion": 14, "PuntosX": [2.089177131652832, 2.0840344429016113, 2.095097541809082, 2.0653653144836426, 2.0607223510742188, 2.0719778537750244], "PuntosY": [-0.38720616698265076, -0.3674713671207428, -0.3505990505218506, -0.16254766285419464, -0.14409959316253662, -0.1267274022102356]}
{"Iteracion": 15, "PuntosX": [2.240734100341797, 2.2209901809692383, 2.226182222366333, 2.099200963973999, 2.0930936336517334, 2.1035213470458984], "PuntosY": [-0.15668724477291107, -0.13584144413471222, -0.11666937917470932, 0.03664173185825348, 0.054809629917144775, 0.07345672696828842]}
{"Iteracion": 16, "PuntosX": [2.3542089462280273, 2.3446507453918457, 2.3566744327545166, 2.1536951065063477, 2.143786668777466, 2.1509945392608643], "PuntosY": [-0.0822107121348381, -0.06139681860804558, -0.04113597795367241, 0.018795056268572807, 0.03741995617747307, 0.05632579326629639]}
{"Iteracion": 17, "PuntosX": [2.418294906616211, 2.184201717376709, 2.185500383377075], "PuntosY": [0.1479092240333557, 0.15273427963256836, 0.17200243473052979]}
{"Iteracion": 18, "PuntosX": [2.291914463043213, 2.2831737995147705, 2.2971982955932617, 2.4904463291168213, 2.477076530456543, 2.4913973808288574], "PuntosY": [0.2611306607723236, 0.2803385555744171, 0.3024319112300873, 0.3721997141838074, 0.39233043789863586, 0.41691693663597107]}
{"Iteracion": 19, "PuntosX": [1.4638251066207886, 1.457345724105835, 1.4583860635757446, 1.5829873085021973, 1.5735417604446411, 1.5731717348098755], "PuntosY": [0.43360477685928345, 0.44555532932281494, 0.45982733368873596, 0.623555064201355, 0.6357522010803223, 0.6516291499137878]}
{"Iteracion": 20, "PuntosX": [1.6070386171340942, 1.584680438041687, 1.5785672664642334, 1.5823545455932617, 1.6040771007537842, 1.5903748273849487, 1.5868446826934814], "PuntosY": [0.522158682346344, 0.5302268862724304, 0.543544352054596, 0.5603412389755249, 0.7479935884475708, 0.7585700750350952, 0.7739560008049011]}
{"Iteracion": 21, "PuntosX": [1.7460156679153442, 1.7304351329803467, 1.727035403251648, 1.642554759979248, 1.6295124292373657, 1.6270288228988647], "PuntosY": [0.6528087258338928, 0.6642519235610962, 0.6802970767021179, 0.8550598621368408, 0.8664271235466003, 0.8834047317504883]}
{"Iteracion": 22, "PuntosX": [1.8417388200759888, 1.8315614461898804, 1.833778977394104, 1.6620821952819824, 1.6490156650543213, 1.646369218826294], "PuntosY": [0.5455480217933655, 0.5599643588066101, 0.5781883001327515, 0.6715249419212341, 0.683044970035553, 0.6988422274589539]}
{"Iteracion": 23, "PuntosX": [1.9641720056533813, 1.9508893489837646, 1.9525396823883057, 1.742427945137024, 1.7285423278808594, 1.7264771461486816], "PuntosY": [0.7343739867210388, 0.7488763928413391, 0.769125759601593, 0.7576291561126709, 0.7695966958999634, 0.7868012189865112]}
{"Iteracion": 24, "PuntosX": [1.7970110177993774, 1.787667989730835, 1.7922238111495972], "PuntosY": [0.7443463206291199, 0.7588199973106384, 0.7792811393737793]}
{"Iteracion": 25, "PuntosX": [1.8853609561920166, 1.873315691947937, 1.874522089958191, 2.0393428802490234, 2.017045021057129, 2.0139405727386475], "PuntosY": [0.6308332681655884, 0.6450343132019043, 0.6638031601905823, 0.8033186197280884, 0.8149393200874329, 0.8342017531394958]}
{"Iteracion": 26, "PuntosX": [2.00338077545166, 1.9867583513259888, 1.9862234592437744, 2.032042980194092, 2.0244195461273193], "PuntosY": [0.5934286713600159, 0.6074129939079285, 0.6262539625167847, 0.8209989070892334, 0.8385425209999084]}
{"Iteracion": 27, "PuntosX": [2.116304397583008, 2.1122264862060547, 2.0540568828582764, 2.0413777828216553, 2.0482592582702637], "PuntosY": [0.6876290440559387, 0.7067413926124573, 0.8931295275688171, 0.9088799953460693, 0.9334456324577332]}
{"Iteracion": 28, "PuntosX": [2.258415460586548, 2.258512258529663, 2.1039175987243652, 2.0919196605682373, 2.0979557037353516], "PuntosY": [0.521396279335022, 0.5422205924987793, 0.6633626818656921, 0.6797059774398804, 0.7019663453102112]}
{"Iteracion": 29, "PuntosX": [2.3818199634552, 2.3624377250671387, 2.3670506477355957, 2.1559133529663086, 2.143795967102051, 2.1497116088867188],