{"TiempoSleep": 0.5, "MaxIteraciones": 50}
{"Iteracion": 1, "PuntosX": [1.9142953157424927, 1.9095455408096313, 1.9179822206497192, 1.9441883563995361, 1.9338632822036743, 1.9378995895385742], "PuntosY": [-0.2860930860042572, -0.26836901903152466, -0.2525070905685425, -0.06789261847734451, -0.050639890134334564, -0.03382614254951477]}
{"Iteracion": 2, "PuntosX": [2.163408041000366, 2.1585776805877686, 2.1731820106506348, 2.163553237915039, 2.160837173461914], "PuntosY": [-7.967173587530851e-09, 0.018837623298168182, 0.037932924926280975, 0.22739863395690918, 0.24619624018669128]}
{"Iteracion": 3, "PuntosX": [2.1638588905334473, 2.147136688232422, 2.14997935295105, 2.138963460922241, 2.1262950897216797, 2.1307058334350586], "PuntosY": [0.15131179988384247, 0.1689833551645279, 0.1880989521741867, 0.37715694308280945, 0.39408573508262634, 0.41416725516319275]}
{"Iteracion": 4, "PuntosX": [1.9073196649551392, 1.9056681394577026, 1.8697657585144043, 1.8621426820755005, 1.8672597408294678], "PuntosY": [0.1501091867685318, 0.16672441363334656, 0.3634457290172577, 0.3788570761680603, 0.3968983292579651]}
{"Iteracion": 5, "PuntosX": [1.6409578323364258, 1.626727819442749, 1.6258635520935059, 1.6349942684173584, 1.5671589374542236, 1.5606999397277832, 1.5625182390213013], "PuntosY": [-0.042969997972249985, -0.02839483506977558, -0.014188739471137524, 2.240994945168495e-09, 0.17855511605739594, 0.1916297823190689, 0.20570947229862213]}
{"Iteracion": 6, "PuntosX": [1.8486557006835938, 1.8449461460113525, 1.8531405925750732, 1.7617316246032715, 1.7590022087097168, 1.7677607536315918], "PuntosY": [-0.19430160522460938, -0.17764808237552643, -0.1621287763118744, 0.015374620445072651, 0.030703574419021606, 0.04629051312804222]}
{"Iteracion": 7, "PuntosX": [1.5447986125946045, 1.5426015853881836, 1.5485117435455322, 1.4408268928527832, 1.4361824989318848, 1.4385273456573486], "PuntosY": [-0.08095953613519669, -0.0673515647649765, -0.05407533049583435, 0.11339543759822845, 0.12564973533153534, 0.13851450383663177]}
{"Iteracion": 8, "PuntosX": [2.0454537868499756, 2.044823408126831, 2.061188220977783, 1.9206764698028564, 1.9183452129364014, 1.9296225309371948], "PuntosY": [-0.4722301661968231, -0.45332658290863037, -0.43811917304992676, -0.2870470881462097, -0.2696057856082916, -0.2540397047996521]}
{"Iteracion": 9, "PuntosX": [2.351832151412964, 2.3562448024749756, 2.208542585372925, 2.210793972015381], "PuntosY": [-0.5213886499404907, -0.5008352994918823, -0.34979891777038574, -0.33040544390678406]}
{"Iteracion": 10, "PuntosX": [2.1683197021484375, 2.1733453273773193, 2.017937660217285, 2.0079433917999268, 2.0132477283477783], "PuntosY": [-0.2470487505197525, -0.22842785716056824, -0.10575567930936813, -0.08766873180866241, -0.07030437141656876]}
{"Iteracion": 11, "PuntosX": [2.42140531539917, 2.422701835632324, 2.2465322017669678, 2.2464563846588135], "PuntosY": [-0.042266033589839935, -0.021142570301890373, 0.098085917532444, 0.11773193627595901]}
{"Iteracion": 12, "PuntosX": [2.373178005218506, 2.3687074184417725, 2.18998384475708, 2.179703950881958, 2.187258005142212], "PuntosY": [-0.041424088180065155, -0.020671507343649864, 0.076476089656353, 0.09516819566488266, 0.11462941020727158]}
{"Iteracion": 13, "PuntosX": [2.4444220066070557, 2.4392075538635254, 2.2438619136810303, 2.239292621612549], "PuntosY": [0.17093074321746826, 0.1919698715209961, 0.2755115330219269, 0.2948087453842163]}
{"Iteracion": 14, "PuntosX": [2.2189719676971436, 2.211554765701294, 2.222855567932129, 2.0074360370635986, 2.002495527267456, 2.012972831726074], "PuntosY": [0.019364887848496437, 0.03860286623239517, 0.05820756405591965, 0.10520539432764053, 0.12247781455516815, 0.14076070487499237]}
{"Iteracion": 15, "PuntosX": [2.2311503887176514, 2.2177443504333496, 2.224363327026367, 2.013603448867798, 2.001537322998047, 2.0053634643554688], "PuntosY": [-0.09741412103176117, -0.07744557410478592, -0.058247026056051254, -0.03514765575528145, -0.017467210069298744, -2.91274773189798e-08]}
{"Iteracion": 16, "PuntosX": [2.5473670959472656, 2.5506482124328613, 2.3261399269104004, 2.327474594116211], "PuntosY": [0.02223069593310356, 0.044521916657686234, 0.06091226264834404, 0.08127734810113907]}
{"Iteracion": 17, "PuntosX": [1.8811513185501099, 1.8726544380187988, 1.8779340982437134, 2.1023809909820557], "PuntosY": [-0.3316974937915802, -0.313374787569046, -0.2974354922771454, -0.31420284509658813]}
{"Iteracion": 18, "PuntosX": [1.7702521085739136, 1.7647720575332642, 1.7704777717590332, 1.9896293878555298, 1.9954925775527954], "PuntosY": [-0.2645658254623413, -0.24802251160144806, -0.23308789730072021, -0.2442956268787384, -0.22735752165317535]}
{"Iteracion": 19, "PuntosX": [1.9521561861038208, 1.9536436796188354, 1.973221778869629, 2.1745529174804688, 2.1812191009521484], "PuntosY": [-0.39717066287994385, -0.37974992394447327, -0.36571505665779114, -0.3638952970504761, -0.34547099471092224]}
{"Iteracion": 20, "PuntosX": [2.0892248153686523, 2.093384027481079, 2.309603691101074, 2.3115949630737305], "PuntosY": [-0.5793931484222412, -0.5609205961227417, -0.5332138538360596, -0.5124682188034058]}
{"Iteracion": 21, "PuntosX": [2.145627975463867, 2.1332240104675293, 2.1434481143951416, 2.3464152812957764, 2.3531177043914795], "PuntosY": [-0.6971567869186401, -0.6726030111312866, -0.6553179025650024, -0.6068243980407715, -0.5866981148719788]}
{"Iteracion": 22, "PuntosX": [1.8713873624801636, 1.8703669309616089, 1.8821748495101929, 2.0801215171813965, 2.0745372772216797, 2.0849273204803467], "PuntosY": [-0.3977757394313812, -0.38053053617477417, -0.3658577501773834, -0.31087613105773926, -0.29155704379081726, -0.2744860053062439]}
{"Iteracion": 23, "PuntosX": [1.5906853675842285, 1.5893570184707642, 1.5966588258743286, 1.7860263586044312, 1.7841050624847412, 1.7938555479049683], "PuntosY": [-0.2519398629665375, -0.23753096163272858, -0.22439581155776978, -0.14056314527988434, -0.12475679069757462, -0.10971689969301224]}
{"Iteracion": 24, "PuntosX": [1.5766795873641968, 1.5699349641799927, 1.5726670026779175, 1.5870290994644165, 1.7636958360671997, 1.752826452255249, 1.7546201944351196, 1.7758822441101074], "PuntosY": [-0.2356361746788025, -0.22064003348350525, -0.20704567432403564, -0.19486255943775177, -0.10787223279476166, -0.0918617844581604, -0.07660838961601257, -0.06201513484120369]}
{"Iteracion": 25, "PuntosX": [1.5218837261199951, 1.5155410766601562, 1.5187045335769653, 1.531445026397705, 1.6857393980026245, 1.6846379041671753, 1.6937282085418701], "PuntosY": [-0.39358600974082947, -0.3778667747974396, -0.36460861563682556, -0.35356178879737854, -0.23691530525684357, -0.22178682684898376, -0.20796363055706024]}
{"Iteracion": 26, "PuntosX": [1.5486382246017456, 1.5478568077087402, 1.5556355714797974, 1.7086217403411865, 1.6997524499893188, 1.7032876014709473, 1.7225757837295532], "PuntosY": [-0.5181671380996704, -0.5029292106628418, -0.4904899299144745, -0.3631787598133087, -0.34581848978996277, -0.33108553290367126, -0.3192606270313263]}
{"Iteracion": 27, "PuntosX": [1.4261345863342285, 1.4233874082565308, 1.4281009435653687, 1.4426767826080322, 1.5662696361541748, 1.558779239654541, 1.5611579418182373, 1.5741136074066162], "PuntosY": [-0.4496583938598633, -0.4351730942726135, -0.4230228662490845, -0.4136809706687927, -0.2761756479740143, -0.26085013151168823, -0.247263103723526, -0.23525278270244598]}
{"Iteracion": 28, "PuntosX": [1.4778780937194824, 1.4673268795013428, 1.466849446296692, 1.4738887548446655, 1.5878431797027588, 1.5829976797103882, 1.5865410566329956], "PuntosY": [-0.12929753959178925, -0.1154809296131134, -0.1025719940662384, -0.09014677256345749, 0.06932684779167175, 0.08296152949333191, 0.09703705459833145]}
{"Iteracion": 29, "PuntosX": [1.5812464952468872, 1.5691956281661987, 1.5673340559005737, 1.5753225088119507, 1.6733651161193848, 1.6648738384246826, 1.6660492420196533],