{"TiempoSleep": 5, "MaxIteraciones": 5}
{"Iteracion": 1, "PuntosX": [1.41502845287323, 1.4133832454681396, 1.4234198331832886, 1.4485942125320435, 1.54994535446167, 1.5413202047348022, 1.5491005182266235, 1.5699528455734253, 1.16080641746521, 1.12632417678833, 1.1233439445495605, 1.120402455329895, 1.1178293228149414, 1.1261265277862549, 1.1344878673553467, 1.1429157257080078, 1.153983235359192, 1.184741497039795, 1.218202829360962, 1.1871750354766846, 1.1752111911773682, 1.1725915670394897, 1.1699961423873901, 1.1674244403839111, 1.1746816635131836, 1.1837643384933472, 1.1929503679275513, 1.2139062881469727, 1.7780553102493286, 1.7771390676498413, 1.787624716758728, 1.6770617961883545, 1.649722695350647, 1.6296072006225586, 1.6129724979400635, 1.6009347438812256, 1.5899176597595215, 1.5811688899993896, 1.5740301609039307, 1.5669469833374023, 1.5628433227539062, 1.5587908029556274, 1.5552409887313843, 1.5539045333862305, 1.552567958831787, 1.5520694255828857, 1.5534483194351196, 1.5548326969146729, 1.557826042175293, 1.5622872114181519, 1.5667871236801147, 1.575092077255249, 1.5835886001586914, 1.596606969833374, 1.6115994453430176, 1.6361916065216064, 1.7020273208618164, 1.1385843753814697, 1.1157914400100708, 1.1004410982131958, 1.0968822240829468, 1.093327522277832, 1.0897761583328247, 1.0861082077026367, 1.0897157192230225, 1.0950103998184204, 1.100390911102295, 1.1058589220046997, 1.1404478549957275, 1.0042436122894287, 0.9876431226730347, 0.9716941118240356, 0.9682702422142029, 0.965021550655365, 0.9617684483528137, 0.958510160446167, 0.9569030404090881, 0.9626629948616028, 0.9685453772544861, 0.9745546579360962], "PuntosY": [-1.1458674669265747, -1.1242561340332031, -1.1120972633361816, -1.1115450859069824, -0.9685133099555969, -0.9445222616195679, -0.9307934641838074, -0.9247727394104004, -0.5290098786354065, -0.501471757888794, -0.48844385147094727, -0.4755825102329254, -0.4630199670791626, -0.45498454570770264, -0.44688650965690613, -0.4387241303920746, -0.43145668506622314, -0.43121063709259033, -0.372441828250885, -0.3516572117805481, -0.33698639273643494, -0.32518836855888367, -0.31349948048591614, -0.3019163906574249, -0.2928810119628906, -0.2841966152191162, -0.2754141688346863, -0.26911646127700806, -0.23408550024032593, -0.2182052731513977, -0.20367394387722015, 0.014635570347309113, 0.02879614196717739, 0.04267280176281929, 0.05632632225751877, 0.06989836692810059, 0.08332420140504837, 0.09670843183994293, 0.11006686091423035, 0.12332142889499664, 0.13673120737075806, 0.15009459853172302, 0.16346251964569092, 0.1770450919866562, 0.19063149392604828, 0.20433396100997925, 0.2183229625225067, 0.23237133026123047, 0.24673546850681305, 0.26143720746040344, 0.276266872882843, 0.29192623496055603, 0.3078185021877289, 0.32483336329460144, 0.34255608916282654, 0.36273497343063354, 0.39294397830963135, 0.3157573938369751, 0.3199481666088104, 0.3259655833244324, 0.3353506028652191, 0.34472498297691345, 0.35408979654312134, 0.363406777381897, 0.37521910667419434, 0.3877635598182678, 0.4005095660686493, 0.41346386075019836, 0.43777698278427124, 0.4262760579586029, 0.4294395446777344, 0.43262627720832825, 0.441266268491745, 0.4499970078468323, 0.45874014496803284, 0.4674969017505646, 0.47709426283836365, 0.4905014634132385, 0.5041929483413696, 0.5181799530982971]}
{"Iteracion": 2, "PuntosX": [1.4194419384002686, 1.4142979383468628, 1.4236724376678467, 1.445101022720337, 1.5425636768341064, 1.5495336055755615, 1.568107008934021, 1.3302266597747803, 1.3091862201690674, 1.30885648727417, 1.308529257774353, 1.3082035779953003, 1.3152967691421509, 1.3284783363342285, 1.3418498039245605, 1.4150289297103882, 1.3977279663085938, 1.389585018157959, 1.3893429040908813, 1.3891018629074097, 1.3888616561889648, 1.4034539461135864, 1.4188706874847412, 1.7795958518981934, 1.7780553102493286, 1.7878667116165161, 1.6803637742996216, 1.6520930528640747, 1.6315605640411377, 1.6148982048034668, 1.6026222705841064, 1.591588020324707, 1.5826767683029175, 1.5755268335342407, 1.5684324502944946, 1.5642070770263672, 1.5601471662521362, 1.556492805480957, 1.5551518201828003, 1.5538095235824585, 1.5532153844833374, 1.5545917749404907, 1.555974006652832, 1.5588693618774414, 1.5633288621902466, 1.5678273439407349, 1.576019048690796, 1.5845146179199219, 1.597377896308899, 1.6121147871017456, 1.6366970539093018, 1.6977263689041138, 1.139944314956665, 1.1171104907989502, 1.1016703844070435, 1.0981045961380005, 1.0945435762405396, 1.090985894203186, 1.0873090028762817, 1.0909287929534912, 1.0962252616882324, 1.1016067266464233, 1.1070765256881714, 1.1418269872665405, 1.005213737487793, 0.9885901212692261, 0.9728212952613831, 0.9693965315818787, 0.9661418795585632, 0.9628830552101135, 0.9596186876296997, 0.9582013487815857, 0.9639635682106018, 0.9698482751846313, 0.9758602976799011], "PuntosY": [-1.1494415998458862, -1.1249836683273315, -1.1122946739196777, -1.1088650226593018, -0.945284366607666, -0.9310535788536072, -0.9236854314804077, -0.5106261968612671, -0.48948484659194946, -0.4763847887516022, -0.4633744955062866, -0.450450599193573, -0.44009217619895935, -0.43164873123168945, -0.4230835437774658, -0.36595144867897034, -0.34849268198013306, -0.33360984921455383, -0.3207550048828125, -0.30795660614967346, -0.2952117323875427, -0.28553587198257446, -0.27580058574676514, -0.23428836464881897, -0.21831780672073364, -0.2037016898393631, 0.014664482325315475, 0.028837455436587334, 0.042723920196294785, 0.05639350414276123, 0.06997209787368774, 0.08341158181428909, 0.09680063277482986, 0.11017156392335892, 0.12343835085630417, 0.13685040175914764, 0.15022516250610352, 0.1635941118001938, 0.17718720436096191, 0.1907838135957718, 0.20448490977287292, 0.2184835821390152, 0.23254193365573883, 0.24690067768096924, 0.2616114914417267, 0.2764502763748169, 0.29209792613983154, 0.30799850821495056, 0.3249901831150055, 0.3426656126976013, 0.36284705996513367, 0.3919509947299957, 0.316134512424469, 0.3203263580799103, 0.32632964849472046, 0.3357243835926056, 0.345108300447464, 0.3544827997684479, 0.36380866169929504, 0.3756369650363922, 0.38819369673728943, 0.40095221996307373, 0.413919061422348, 0.4383062720298767, 0.42668795585632324, 0.42985132336616516, 0.4331279993057251, 0.4417795240879059, 0.45051950216293335, 0.45927175879478455, 0.468037486076355, 0.47774162888526917, 0.49116405844688416, 0.5048711895942688, 0.5188742280006409]}
{"Iteracion": 3, "PuntosX": [1.415095567703247, 1.423966407775879, 1.4436737298965454, 1.543662190437317, 1.550018072128296, 1.5672533512115479, 1.5211926698684692, 1.5086876153945923, 1.4964550733566284, 1.496285080909729, 1.498672604560852, 1.5010555982589722, 1.5138037204742432, 1.5354480743408203, 1.676253318786621, 1.6274032592773438, 1.6159297227859497, 1.604675531387329, 1.6049787998199463, 1.6075506210327148, 1.6101223230361938, 1.627861738204956, 1.7810016870498657, 1.7789289951324463, 1.7882808446884155, 1.6830339431762695, 1.6541184186935425, 1.6332976818084717, 1.6166123151779175, 1.6041743755340576, 1.5931262969970703, 1.5841060876846313, 1.576946496963501, 1.56984281539917, 1.565539002418518, 1.5614728927612305, 1.557753562927246, 1.5564098358154297, 1.5550646781921387, 1.5544143915176392, 1.555788516998291, 1.557169795036316, 1.5600115060806274, 1.564470887184143, 1.5689696073532104, 1.5771046876907349, 1.585602045059204, 1.5983929634094238, 1.613013505935669, 1.6375970840454102, 1.6964614391326904, 1.141135573387146, 1.1182692050933838, 1.102741003036499, 1.0991703271865845, 1.0956037044525146, 1.0920411348342896, 1.0883599519729614, 1.0919896364212036, 1.0972882509231567, 1.1026716232299805, 1.1081433296203613, 1.1430327892303467, 1.0060712099075317, 0.9894283413887024, 0.9738127589225769, 0.9703891277313232, 0.9671298861503601, 0.9638656377792358, 0.9605966210365295, 0.9593421220779419, 0.9651083946228027, 0.9709959626197815, 0.9770111441612244],